trial,time,cursor_x_pix,cursor_y_pix,gaze_x,gaze_y,cursor_x_cm,cursor_y_cm,target_x,target_y
2,16.95758295059204,-2.0,358.0,-0.046640625000000005,8.378194444444444,-54.4000244140625,1.0,365.0,262.0
2,16.970268726348877,-2.0,358.0,-0.046640625000000005,8.378194444444444,-55.5999755859375,-1.0,365.0,262.0
2,16.97796320915222,-2.0,358.0,-0.046640625000000005,8.378194444444444,-55.5999755859375,-1.0,365.0,262.0
2,16.984833240509033,-2.0,358.0,-0.046640625000000005,8.378194444444444,-55.5999755859375,-1.0,365.0,262.0
2,16.991770267486572,-2.0,358.0,-0.046640625000000005,8.378194444444444,-55.5999755859375,-1.0,365.0,262.0
2,16.9986732006073,-2.0,358.0,-0.046640625000000005,8.378194444444444,-55.5999755859375,-1.0,365.0,262.0
2,17.005594730377197,-2.0,358.0,-0.046640625000000005,8.378194444444444,-55.5999755859375,-1.0,365.0,262.0
2,17.012529611587524,-2.0,358.0,-0.046640625000000005,8.378194444444444,-55.5999755859375,-1.0,365.0,262.0
2,17.019453048706055,-2.0,358.0,-0.046640625000000005,8.378194444444444,-55.5999755859375,-1.0,365.0,262.0
2,17.026408433914185,-2.0,358.0,-0.046640625000000005,8.378194444444444,-55.5999755859375,-1.0,365.0,262.0
2,17.033321857452393,-2.0,358.0,-0.046640625000000005,8.378194444444444,-55.5999755859375,-1.0,365.0,262.0
2,17.040273666381836,-2.0,358.0,-0.046640625000000005,8.378194444444444,-55.5999755859375,-1.0,365.0,262.0
2,17.047216653823853,-2.0,358.0,-0.046640625000000005,8.378194444444444,-55.5999755859375,-1.0,365.0,262.0
2,17.054174661636353,-2.0,358.0,-0.046640625000000005,8.378194444444444,-55.5999755859375,-1.0,365.0,262.0
2,17.06112027168274,-2.0,358.0,-0.046640625000000005,8.378194444444444,-55.5999755859375,-1.0,365.0,262.0
2,17.06906485557556,-2.0,358.0,-0.046640625000000005,8.378194444444444,-55.5999755859375,-1.0,365.0,262.0
2,17.07597804069519,-2.0,358.0,-0.046640625000000005,8.378194444444444,-55.5999755859375,-1.0,365.0,262.0
2,17.083932638168335,-2.0,358.0,-0.046640625000000005,8.378194444444444,-55.5999755859375,-1.0,365.0,262.0
2,17.090830326080322,-2.0,358.0,-0.046640625000000005,8.378194444444444,-55.5999755859375,-1.0,365.0,262.0
2,17.097810745239258,-2.0,358.0,-0.046640625000000005,8.378194444444444,-55.5999755859375,-1.0,365.0,262.0
2,17.104731798171997,-2.0,358.0,-0.046640625000000005,8.378194444444444,-55.5999755859375,-1.0,365.0,262.0
2,17.111677169799805,-2.0,358.0,-0.046640625000000005,8.378194444444444,-55.5999755859375,-1.0,365.0,262.0
2,17.118621826171875,-2.0,358.0,-0.046640625000000005,8.378194444444444,-55.5999755859375,-1.0,365.0,262.0
2,17.125540256500244,-2.0,358.0,-0.046640625000000005,8.378194444444444,-55.5999755859375,-1.0,365.0,262.0
2,17.132501363754272,-2.0,358.0,-0.046640625000000005,8.378194444444444,-55.5999755859375,-1.0,365.0,262.0
2,17.139446020126343,-2.0,358.0,-0.046640625000000005,8.378194444444444,-55.5999755859375,-1.0,365.0,262.0
2,17.146364450454712,-2.0,358.0,-0.046640625000000005,8.378194444444444,-55.5999755859375,-1.0,365.0,262.0
2,17.153318166732788,-2.0,358.0,-0.046640625000000005,8.378194444444444,-55.5999755859375,-1.0,365.0,262.0
2,17.160285472869873,-2.0,358.0,-0.046640625000000005,8.378194444444444,-55.5999755859375,-1.0,365.0,262.0
2,17.16722345352173,-2.0,358.0,-0.046640625000000005,8.378194444444444,-55.5999755859375,-1.0,365.0,262.0
2,17.174182415008545,-2.0,358.0,-0.046640625000000005,8.378194444444444,-55.5999755859375,-1.0,365.0,262.0
2,17.181108713150024,-2.0,358.0,-0.046640625000000005,8.378194444444444,-55.5999755859375,-1.0,365.0,262.0
2,17.188079357147217,-2.0,358.0,-0.046640625000000005,8.378194444444444,-55.5999755859375,-1.0,365.0,262.0
2,17.19502305984497,-2.0,358.0,-0.046640625000000005,8.378194444444444,-55.5999755859375,-1.0,365.0,262.0
2,17.201950788497925,-2.0,358.0,-0.046640625000000005,8.378194444444444,-55.5999755859375,-1.0,365.0,262.0
2,17.20888876914978,-2.0,358.0,-0.046640625000000005,8.378194444444444,-55.5999755859375,-1.0,365.0,262.0
2,17.215816974639893,-2.0,358.0,-0.046640625000000005,8.378194444444444,-55.5999755859375,-1.0,365.0,262.0
2,17.222787380218506,-2.0,358.0,-0.046640625000000005,8.378194444444444,-55.5999755859375,-1.0,365.0,262.0
2,17.229689121246338,-2.0,358.0,-0.046640625000000005,8.378194444444444,-55.5999755859375,-1.0,365.0,262.0
2,17.23668885231018,-2.0,358.0,-0.046640625000000005,8.378194444444444,-55.5999755859375,-1.0,365.0,262.0
2,17.24359893798828,-2.0,358.0,-0.046640625000000005,8.378194444444444,-55.5999755859375,-1.0,365.0,262.0
2,17.25014328956604,-2.0,357.0,-0.046640625000000005,8.354791666666667,-55.5999755859375,-1.0,365.0,262.0
2,17.257121801376343,-1.0,353.0,-0.023320312500000002,8.261180555555557,-55.5999755859375,-1.0,365.0,262.0
2,17.26410698890686,1.0,347.0,0.023320312500000002,8.12076388888889,-55.5999755859375,-1.0,365.0,262.0
2,17.270979642868042,4.0,339.0,0.09328125000000001,7.933541666666668,-55.5999755859375,-1.0,365.0,262.0
2,17.27797555923462,6.0,330.0,0.13992187500000003,7.722916666666667,-55.5999755859375,-1.0,365.0,262.0
2,17.28497004508972,8.0,317.0,0.18656250000000002,7.418680555555556,-55.5999755859375,-1.0,365.0,262.0
2,17.291971683502197,12.0,302.0,0.27984375000000006,7.067638888888889,-55.5999755859375,-1.0,365.0,262.0
2,17.298974752426147,14.0,288.0,0.32648437500000005,6.74,-55.5999755859375,-1.0,365.0,262.0
2,17.305976152420044,19.0,268.0,0.4430859375,6.271944444444445,-55.5999755859375,-1.0,365.0,262.0
2,17.312973022460938,23.0,246.0,0.5363671875,5.757083333333334,-55.5999755859375,-1.0,365.0,262.0
2,17.31997847557068,27.0,224.0,0.6296484375000001,5.242222222222223,-55.5999755859375,-1.0,365.0,262.0
2,17.32697343826294,31.0,200.0,0.7229296875000001,4.680555555555556,-55.5999755859375,-1.0,365.0,262.0
2,17.333975553512573,36.0,169.0,0.8395312500000001,3.9550694444444447,-55.5999755859375,-1.0,365.0,262.0
2,17.340960264205933,41.0,140.0,0.9561328125000002,3.276388888888889,-55.5999755859375,-1.0,365.0,262.0
2,17.3479745388031,46.0,110.0,1.072734375,2.5743055555555556,-55.5999755859375,-1.0,365.0,262.0
2,17.3549861907959,51.0,75.0,1.1893359375,1.7552083333333335,-55.5999755859375,-1.0,365.0,262.0
2,17.36101984977722,56.0,48.0,1.3059375000000002,1.1233333333333335,-55.5999755859375,-1.0,365.0,262.0
2,17.367973566055298,62.0,21.0,1.4458593750000002,0.4914583333333334,-55.5999755859375,-1.0,365.0,262.0
2,17.374963760375977,67.0,-6.0,1.5624609375000003,-0.1404166666666667,-55.5999755859375,-1.0,365.0,262.0
2,17.38197088241577,74.0,-34.0,1.7257031250000001,-0.7956944444444445,-55.5999755859375,-1.0,365.0,262.0
2,17.38896155357361,79.0,-52.0,1.8423046875000002,-1.2169444444444446,-55.5999755859375,-1.0,365.0,262.0
2,17.395971298217773,85.0,-74.0,1.9822265625000002,-1.7318055555555556,-55.5999755859375,-1.0,365.0,262.0
2,17.402968883514404,89.0,-91.0,2.0755078125,-2.129652777777778,-55.5999755859375,-1.0,365.0,262.0
2,17.409971952438354,94.0,-110.0,2.1921093750000002,-2.5743055555555556,-55.5999755859375,-1.0,365.0,262.0
2,17.41697645187378,96.0,-123.0,2.2387500000000005,-2.878541666666667,-55.5999755859375,-1.0,365.0,262.0
2,17.423972368240356,98.0,-134.0,2.2853906250000002,-3.1359722222222226,-55.5999755859375,-1.0,365.0,262.0
2,17.43096423149109,98.0,-145.0,2.2853906250000002,-3.393402777777778,-55.5999755859375,-1.0,365.0,262.0
2,17.437971115112305,98.0,-157.0,2.2853906250000002,-3.6742361111111115,-55.5999755859375,-1.0,365.0,262.0
2,17.44497299194336,98.0,-166.0,2.2853906250000002,-3.8848611111111113,-55.5999755859375,-1.0,365.0,262.0
2,17.45197296142578,97.0,-174.0,2.2620703125,-4.0720833333333335,-55.5999755859375,-1.0,365.0,262.0
2,17.45896005630493,95.0,-182.0,2.2154296875000004,-4.259305555555556,-55.5999755859375,-1.0,365.0,262.0
2,17.46596884727478,93.0,-189.0,2.1687890625,-4.423125000000001,-55.5999755859375,-1.0,365.0,262.0
2,17.472971200942993,89.0,-196.0,2.0755078125,-4.586944444444445,-55.5999755859375,-1.0,365.0,262.0
2,17.47996187210083,85.0,-203.0,1.9822265625000002,-4.750763888888889,-55.5999755859375,-1.0,365.0,262.0
2,17.48697280883789,81.0,-210.0,1.8889453125000002,-4.914583333333334,-55.5999755859375,-1.0,365.0,262.0
2,17.4930100440979,77.0,-215.0,1.7956640625000002,-5.0315972222222225,-55.5999755859375,-1.0,365.0,262.0
2,17.49997115135193,71.0,-223.0,1.6557421875000002,-5.218819444444445,-55.5999755859375,-1.0,365.0,262.0
2,17.506967306137085,65.0,-230.0,1.5158203125000003,-5.38263888888889,-55.5999755859375,-1.0,365.0,262.0
2,17.513969898223877,58.0,-238.0,1.3525781250000002,-5.569861111111112,-55.5999755859375,-1.0,365.0,262.0
2,17.520960807800293,53.0,-244.0,1.2359765625,-5.710277777777778,-55.5999755859375,-1.0,365.0,262.0
2,17.527979135513306,49.0,-249.0,1.1426953125000001,-5.827291666666667,-55.5999755859375,-1.0,365.0,262.0
2,17.534970998764038,46.0,-253.0,1.072734375,-5.920902777777778,-55.5999755859375,-1.0,365.0,262.0
2,17.54196572303772,44.0,-256.0,1.02609375,-5.9911111111111115,-55.5999755859375,-1.0,365.0,262.0
2,17.54897117614746,42.0,-257.0,0.9794531250000001,-6.01451388888889,-55.5999755859375,-1.0,365.0,262.0
2,17.556073904037476,41.0,-258.0,0.9561328125000002,-6.037916666666667,-55.5999755859375,-1.0,365.0,262.0
2,17.563066959381104,39.0,-259.0,0.9094921875,-6.061319444444445,-55.5999755859375,-1.0,365.0,262.0
2,17.56994938850403,38.0,-259.0,0.886171875,-6.061319444444445,-55.5999755859375,-1.0,365.0,262.0
2,17.57707643508911,37.0,-259.0,0.8628515625000001,-6.061319444444445,-55.5999755859375,-1.0,365.0,262.0
2,17.58413052558899,37.0,-259.0,0.8628515625000001,-6.061319444444445,-55.5999755859375,-1.0,365.0,262.0
2,17.5910701751709,36.0,-258.0,0.8395312500000001,-6.037916666666667,-55.5999755859375,-1.0,365.0,262.0
2,17.598231554031372,35.0,-258.0,0.8162109375000001,-6.037916666666667,-55.5999755859375,-1.0,365.0,262.0
2,17.60418701171875,33.0,-257.0,0.7695703125000001,-6.01451388888889,-55.5999755859375,-1.0,365.0,262.0
2,17.611234664916992,33.0,-257.0,0.7695703125000001,-6.01451388888889,-55.5999755859375,-1.0,365.0,262.0
2,17.61823844909668,32.0,-257.0,0.7462500000000001,-6.01451388888889,-55.5999755859375,-1.0,365.0,262.0
2,17.625244617462158,31.0,-257.0,0.7229296875000001,-6.01451388888889,-55.5999755859375,-1.0,365.0,262.0
2,17.632232904434204,31.0,-257.0,0.7229296875000001,-6.01451388888889,-55.5999755859375,-1.0,365.0,262.0
2,17.639105319976807,30.0,-257.0,0.6996093750000001,-6.01451388888889,-55.5999755859375,-1.0,365.0,262.0
2,17.646240711212158,29.0,-258.0,0.6762890625000001,-6.037916666666667,-55.5999755859375,-1.0,365.0,262.0
2,17.65310835838318,28.0,-259.0,0.6529687500000001,-6.061319444444445,-55.5999755859375,-1.0,365.0,262.0
2,17.660103797912598,28.0,-262.0,0.6529687500000001,-6.131527777777778,-55.5999755859375,-1.0,365.0,262.0
2,17.667083978652954,28.0,-264.0,0.6529687500000001,-6.178333333333334,-55.5999755859375,-1.0,365.0,262.0
2,17.673972129821777,27.0,-267.0,0.6296484375000001,-6.248541666666667,-55.5999755859375,-1.0,365.0,262.0
2,17.680968284606934,27.0,-272.0,0.6296484375000001,-6.365555555555556,-55.5999755859375,-1.0,365.0,262.0
2,17.68795657157898,27.0,-276.0,0.6296484375000001,-6.459166666666667,-55.5999755859375,-1.0,365.0,262.0
2,17.694976091384888,27.0,-279.0,0.6296484375000001,-6.529375000000001,-55.5999755859375,-1.0,365.0,262.0
2,17.701947927474976,27.0,-284.0,0.6296484375000001,-6.64638888888889,-55.5999755859375,-1.0,365.0,262.0
2,17.708969354629517,27.0,-289.0,0.6296484375000001,-6.763402777777778,-55.5999755859375,-1.0,365.0,262.0
2,17.715967178344727,27.0,-294.0,0.6296484375000001,-6.880416666666667,-55.5999755859375,-1.0,365.0,262.0
2,17.722970485687256,26.0,-301.0,0.6063281250000001,-7.044236111111111,-55.5999755859375,-1.0,365.0,262.0
2,17.7299644947052,25.0,-309.0,0.5830078125000001,-7.231458333333334,-55.5999755859375,-1.0,365.0,262.0
2,17.736967086791992,24.0,-316.0,0.5596875000000001,-7.395277777777778,-55.5999755859375,-1.0,365.0,262.0
2,17.742959022521973,23.0,-325.0,0.5363671875,-7.605902777777779,-55.5999755859375,-1.0,365.0,262.0
2,17.749964237213135,21.0,-332.0,0.4897265625000001,-7.769722222222223,-55.5999755859375,-1.0,365.0,262.0
2,17.756958961486816,19.0,-339.0,0.4430859375,-7.933541666666668,-55.5999755859375,-1.0,365.0,262.0
2,17.76396894454956,18.0,-343.0,0.41976562500000003,-8.02715277777778,-55.5999755859375,-1.0,365.0,262.0
2,17.770965814590454,18.0,-347.0,0.41976562500000003,-8.12076388888889,-55.5999755859375,-1.0,365.0,262.0
2,17.778079509735107,17.0,-349.0,0.39644531250000004,-8.167569444444444,-55.5999755859375,-1.0,365.0,262.0
2,17.785081148147583,16.0,-351.0,0.37312500000000004,-8.214375,-55.5999755859375,-1.0,365.0,262.0
2,17.791948080062866,16.0,-352.0,0.37312500000000004,-8.237777777777778,-55.5999755859375,-1.0,365.0,262.0
2,17.799094438552856,16.0,-352.0,0.37312500000000004,-8.237777777777778,-55.5999755859375,-1.0,365.0,262.0
2,17.806159019470215,16.0,-353.0,0.37312500000000004,-8.261180555555557,-55.5999755859375,-1.0,365.0,262.0
2,17.813080310821533,16.0,-353.0,0.37312500000000004,-8.261180555555557,-55.5999755859375,-1.0,365.0,262.0
2,17.82000732421875,16.0,-353.0,0.37312500000000004,-8.261180555555557,-55.5999755859375,-1.0,365.0,262.0
2,17.8269464969635,16.0,-353.0,0.37312500000000004,-8.261180555555557,-55.5999755859375,-1.0,365.0,262.0
2,17.833884716033936,16.0,-353.0,0.37312500000000004,-8.261180555555557,-55.5999755859375,-1.0,365.0,262.0
2,17.840827226638794,16.0,-353.0,0.37312500000000004,-8.261180555555557,-55.5999755859375,-1.0,365.0,262.0
2,17.84822654724121,16.0,-352.0,0.37312500000000004,-8.237777777777778,-55.5999755859375,-1.0,365.0,262.0
2,17.85421895980835,16.0,-352.0,0.37312500000000004,-8.237777777777778,-55.5999755859375,-1.0,365.0,262.0
2,17.8612380027771,16.0,-350.0,0.37312500000000004,-8.190972222222223,-55.5999755859375,-1.0,365.0,262.0
2,17.8680899143219,15.0,-348.0,0.34980468750000004,-8.144166666666667,-55.5999755859375,-1.0,365.0,262.0
2,17.87524437904358,15.0,-347.0,0.34980468750000004,-8.12076388888889,-55.5999755859375,-1.0,365.0,262.0
2,17.882224798202515,14.0,-346.0,0.32648437500000005,-8.09736111111111,-55.5999755859375,-1.0,365.0,262.0
2,17.88922953605652,14.0,-345.0,0.32648437500000005,-8.073958333333334,-55.5999755859375,-1.0,365.0,262.0
2,17.896233320236206,14.0,-344.0,0.32648437500000005,-8.050555555555556,-55.5999755859375,-1.0,365.0,262.0
2,17.903105974197388,14.0,-344.0,0.32648437500000005,-8.050555555555556,-55.5999755859375,-1.0,365.0,262.0
2,17.910224676132202,14.0,-343.0,0.32648437500000005,-8.02715277777778,-55.5999755859375,-1.0,365.0,262.0
2,17.91726064682007,14.0,-343.0,0.32648437500000005,-8.02715277777778,-55.5999755859375,-1.0,365.0,262.0
2,17.924238204956055,14.0,-343.0,0.32648437500000005,-8.02715277777778,-55.5999755859375,-1.0,365.0,262.0
2,17.931106090545654,14.0,-343.0,0.32648437500000005,-8.02715277777778,-55.5999755859375,-1.0,365.0,262.0
2,17.938257455825806,13.0,-343.0,0.30316406250000005,-8.02715277777778,-55.5999755859375,-1.0,365.0,262.0
2,17.944978952407837,13.0,-343.0,0.30316406250000005,-8.02715277777778,-55.5999755859375,-1.0,365.0,262.0
2,17.9519362449646,13.0,-343.0,0.30316406250000005,-8.02715277777778,-55.5999755859375,-1.0,365.0,262.0
2,17.95896315574646,13.0,-343.0,0.30316406250000005,-8.02715277777778,-55.5999755859375,-1.0,365.0,262.0
2,17.96581482887268,13.0,-343.0,0.30316406250000005,-8.02715277777778,-55.5999755859375,-1.0,365.0,262.0
2,17.972824096679688,13.0,-343.0,0.30316406250000005,-8.02715277777778,-55.5999755859375,-1.0,365.0,262.0
2,17.979233741760254,13.0,-343.0,0.30316406250000005,-8.02715277777778,-55.5999755859375,-1.0,365.0,262.0
2,17.986241817474365,12.0,-343.0,0.27984375000000006,-8.02715277777778,-55.5999755859375,-1.0,365.0,262.0
2,17.993229389190674,11.0,-344.0,0.2565234375,-8.050555555555556,-55.5999755859375,-1.0,365.0,262.0
2,18.00011372566223,11.0,-344.0,0.2565234375,-8.050555555555556,-55.5999755859375,-1.0,365.0,262.0
2,18.007106065750122,10.0,-345.0,0.233203125,-8.073958333333334,-55.5999755859375,-1.0,365.0,262.0
2,18.014083862304688,9.0,-346.0,0.20988281250000002,-8.09736111111111,-55.5999755859375,-1.0,365.0,262.0
2,18.02110004425049,9.0,-347.0,0.20988281250000002,-8.12076388888889,-55.5999755859375,-1.0,365.0,262.0
2,18.02822732925415,8.0,-348.0,0.18656250000000002,-8.144166666666667,-55.5999755859375,-1.0,365.0,262.0
2,18.035082817077637,7.0,-349.0,0.16324218750000002,-8.167569444444444,-55.5999755859375,-1.0,365.0,262.0
2,18.04209280014038,6.0,-351.0,0.13992187500000003,-8.214375,-55.5999755859375,-1.0,365.0,262.0
2,18.049108505249023,5.0,-353.0,0.1166015625,-8.261180555555557,-55.5999755859375,-1.0,365.0,262.0
2,18.056089639663696,4.0,-354.0,0.09328125000000001,-8.284583333333334,-55.5999755859375,-1.0,365.0,262.0
2,18.063095331192017,4.0,-356.0,0.09328125000000001,-8.33138888888889,-55.5999755859375,-1.0,365.0,262.0
2,18.070220232009888,3.0,-357.0,0.06996093750000001,-8.354791666666667,-55.5999755859375,-1.0,365.0,262.0
2,18.077062129974365,3.0,-358.0,0.06996093750000001,-8.378194444444444,-55.5999755859375,-1.0,365.0,262.0
2,18.084088563919067,3.0,-359.0,0.06996093750000001,-8.401597222222223,-55.5999755859375,-1.0,365.0,262.0
2,18.091224193572998,3.0,-359.0,0.06996093750000001,-8.401597222222223,-55.5999755859375,-1.0,365.0,262.0
2,18.098233699798584,3.0,-360.0,0.06996093750000001,-8.425,-55.5999755859375,-1.0,365.0,262.0
2,18.104154348373413,3.0,-360.0,0.06996093750000001,-8.425,-55.5999755859375,-1.0,365.0,262.0
2,18.111722469329834,3.0,-360.0,0.06996093750000001,-8.425,-55.5999755859375,-1.0,365.0,262.0
2,18.11864447593689,2.0,-360.0,0.046640625000000005,-8.425,-55.5999755859375,-1.0,365.0,262.0
2,18.125542402267456,2.0,-360.0,0.046640625000000005,-8.425,-55.5999755859375,-1.0,365.0,262.0
2,18.13223147392273,2.0,-361.0,0.046640625000000005,-8.448402777777778,-55.5999755859375,-1.0,365.0,262.0
2,18.139439821243286,2.0,-361.0,0.046640625000000005,-8.448402777777778,-55.5999755859375,-1.0,365.0,262.0
2,18.146355152130127,2.0,-361.0,0.046640625000000005,-8.448402777777778,-55.5999755859375,-1.0,365.0,262.0
2,18.15331768989563,2.0,-361.0,0.046640625000000005,-8.448402777777778,-55.5999755859375,-1.0,365.0,262.0
2,18.16025972366333,2.0,-361.0,0.046640625000000005,-8.448402777777778,-55.5999755859375,-1.0,365.0,262.0
2,18.167212963104248,2.0,-361.0,0.046640625000000005,-8.448402777777778,-55.5999755859375,-1.0,365.0,262.0
2,18.174174070358276,2.0,-361.0,0.046640625000000005,-8.448402777777778,-55.5999755859375,-1.0,365.0,262.0
2,18.181357860565186,2.0,-361.0,0.046640625000000005,-8.448402777777778,-55.5999755859375,-1.0,365.0,262.0
2,18.188057899475098,2.0,-361.0,0.046640625000000005,-8.448402777777778,-55.5999755859375,-1.0,365.0,262.0
2,18.195312976837158,2.0,-361.0,0.046640625000000005,-8.448402777777778,-55.5999755859375,-1.0,365.0,262.0
2,18.20192575454712,2.0,-361.0,0.046640625000000005,-8.448402777777778,-55.5999755859375,-1.0,365.0,262.0
2,18.208902835845947,2.0,-361.0,0.046640625000000005,-8.448402777777778,-55.5999755859375,-1.0,365.0,262.0
2,18.215850830078125,2.0,-361.0,0.046640625000000005,-8.448402777777778,-55.5999755859375,-1.0,365.0,262.0
2,18.222802877426147,2.0,-361.0,0.046640625000000005,-8.448402777777778,-55.5999755859375,-1.0,365.0,262.0
2,18.229726314544678,2.0,-361.0,0.046640625000000005,-8.448402777777778,-55.5999755859375,-1.0,365.0,262.0
2,18.236661195755005,2.0,-361.0,0.046640625000000005,-8.448402777777778,-55.5999755859375,-1.0,365.0,262.0
2,18.24362301826477,2.0,-361.0,0.046640625000000005,-8.448402777777778,-55.5999755859375,-1.0,365.0,262.0
2,18.25055241584778,2.0,-361.0,0.046640625000000005,-8.448402777777778,-55.5999755859375,-1.0,365.0,262.0
2,18.258123636245728,2.0,-361.0,0.046640625000000005,-8.448402777777778,-55.5999755859375,-1.0,365.0,262.0
2,18.26490831375122,2.0,-361.0,0.046640625000000005,-8.448402777777778,-55.5999755859375,-1.0,365.0,262.0
2,18.271700859069824,2.0,-361.0,0.046640625000000005,-8.448402777777778,-55.5999755859375,-1.0,365.0,262.0
2,18.277919054031372,2.0,-361.0,0.046640625000000005,-8.448402777777778,-55.5999755859375,-1.0,365.0,262.0
2,18.285362005233765,2.0,-361.0,0.046640625000000005,-8.448402777777778,-55.5999755859375,-1.0,365.0,262.0
2,18.29227566719055,2.0,-361.0,0.046640625000000005,-8.448402777777778,-55.5999755859375,-1.0,365.0,262.0
2,18.29924988746643,2.0,-361.0,0.046640625000000005,-8.448402777777778,-55.5999755859375,-1.0,365.0,262.0
2,18.306204557418823,2.0,-361.0,0.046640625000000005,-8.448402777777778,-55.5999755859375,-1.0,365.0,262.0
2,18.313087701797485,2.0,-361.0,0.046640625000000005,-8.448402777777778,-55.5999755859375,-1.0,365.0,262.0
2,18.32000184059143,2.0,-361.0,0.046640625000000005,-8.448402777777778,-55.5999755859375,-1.0,365.0,262.0
2,18.326942682266235,2.0,-361.0,0.046640625000000005,-8.448402777777778,-55.5999755859375,-1.0,365.0,262.0
2,18.333887815475464,2.0,-361.0,0.046640625000000005,-8.448402777777778,-55.5999755859375,-1.0,365.0,262.0
2,18.34031367301941,2.0,-361.0,0.046640625000000005,-8.448402777777778,-55.5999755859375,-1.0,365.0,262.0
2,18.347864627838135,2.0,-361.0,0.046640625000000005,-8.448402777777778,-55.5999755859375,-1.0,365.0,262.0
2,18.35477924346924,2.0,-361.0,0.046640625000000005,-8.448402777777778,-55.5999755859375,-1.0,365.0,262.0
2,18.361757516860962,2.0,-361.0,0.046640625000000005,-8.448402777777778,-55.5999755859375,-1.0,365.0,262.0
2,18.36860203742981,2.0,-361.0,0.046640625000000005,-8.448402777777778,-55.5999755859375,-1.0,365.0,262.0
2,18.375757217407227,2.0,-361.0,0.046640625000000005,-8.448402777777778,-55.5999755859375,-1.0,365.0,262.0
2,18.381941318511963,2.0,-361.0,0.046640625000000005,-8.448402777777778,-55.5999755859375,-1.0,365.0,262.0
2,18.38952875137329,2.0,-361.0,0.046640625000000005,-8.448402777777778,-55.5999755859375,-1.0,365.0,262.0
2,18.396448612213135,2.0,-361.0,0.046640625000000005,-8.448402777777778,-55.5999755859375,-1.0,365.0,262.0
2,18.40340232849121,2.0,-361.0,0.046640625000000005,-8.448402777777778,-55.5999755859375,-1.0,365.0,262.0
2,18.410353899002075,2.0,-361.0,0.046640625000000005,-8.448402777777778,-55.5999755859375,-1.0,365.0,262.0
2,18.41731286048889,2.0,-361.0,0.046640625000000005,-8.448402777777778,-55.5999755859375,-1.0,365.0,262.0
2,18.424160718917847,2.0,-361.0,0.046640625000000005,-8.448402777777778,-55.5999755859375,-1.0,365.0,262.0
2,18.431130170822144,2.0,-361.0,0.046640625000000005,-8.448402777777778,-55.5999755859375,-1.0,365.0,262.0
2,18.438230991363525,2.0,-361.0,0.046640625000000005,-8.448402777777778,-55.5999755859375,-1.0,365.0,262.0
2,18.44497847557068,2.0,-361.0,0.046640625000000005,-8.448402777777778,-55.5999755859375,-1.0,365.0,262.0
2,18.45193362236023,2.0,-361.0,0.046640625000000005,-8.448402777777778,-55.5999755859375,-1.0,365.0,262.0
2,18.458878993988037,2.0,-361.0,0.046640625000000005,-8.448402777777778,-55.5999755859375,-1.0,365.0,262.0
2,18.465831518173218,2.0,-361.0,0.046640625000000005,-8.448402777777778,-55.5999755859375,-1.0,365.0,262.0
2,18.472759008407593,2.0,-361.0,0.046640625000000005,-8.448402777777778,-55.5999755859375,-1.0,365.0,262.0
2,18.47971534729004,2.0,-361.0,0.046640625000000005,-8.448402777777778,-55.5999755859375,-1.0,365.0,262.0
2,18.486705541610718,2.0,-361.0,0.046640625000000005,-8.448402777777778,-55.5999755859375,-1.0,365.0,262.0
2,18.49362564086914,2.0,-361.0,0.046640625000000005,-8.448402777777778,-55.5999755859375,-1.0,365.0,262.0
2,18.500628232955933,2.0,-361.0,0.046640625000000005,-8.448402777777778,-55.5999755859375,-1.0,365.0,262.0
2,18.50753879547119,2.0,-361.0,0.046640625000000005,-8.448402777777778,-55.5999755859375,-1.0,365.0,262.0
2,18.51446008682251,2.0,-361.0,0.046640625000000005,-8.448402777777778,-55.5999755859375,-1.0,365.0,262.0
2,18.52141547203064,2.0,-361.0,0.046640625000000005,-8.448402777777778,-55.5999755859375,-1.0,365.0,262.0
2,18.528324604034424,2.0,-361.0,0.046640625000000005,-8.448402777777778,-55.5999755859375,-1.0,365.0,262.0
2,18.5352783203125,2.0,-361.0,0.046640625000000005,-8.448402777777778,-55.5999755859375,-1.0,365.0,262.0
2,18.5422101020813,2.0,-361.0,0.046640625000000005,-8.448402777777778,-55.5999755859375,-1.0,365.0,262.0
2,18.54916024208069,2.0,-361.0,0.046640625000000005,-8.448402777777778,-55.5999755859375,-1.0,365.0,262.0
2,18.556117296218872,2.0,-361.0,0.046640625000000005,-8.448402777777778,-55.5999755859375,-1.0,365.0,262.0
2,18.563011407852173,2.0,-361.0,0.046640625000000005,-8.448402777777778,-55.5999755859375,-1.0,365.0,262.0
2,18.569948434829712,2.0,-361.0,0.046640625000000005,-8.448402777777778,-55.5999755859375,-1.0,365.0,262.0
2,18.576921939849854,2.0,-361.0,0.046640625000000005,-8.448402777777778,-55.5999755859375,-1.0,365.0,262.0
2,18.583873987197876,2.0,-361.0,0.046640625000000005,-8.448402777777778,-55.5999755859375,-1.0,365.0,262.0
2,18.59078550338745,2.0,-361.0,0.046640625000000005,-8.448402777777778,-55.5999755859375,-1.0,365.0,262.0
2,18.597758531570435,2.0,-361.0,0.046640625000000005,-8.448402777777778,-55.5999755859375,-1.0,365.0,262.0
2,18.60472559928894,2.0,-361.0,0.046640625000000005,-8.448402777777778,-55.5999755859375,-1.0,365.0,262.0
2,18.611679792404175,2.0,-361.0,0.046640625000000005,-8.448402777777778,-55.5999755859375,-1.0,365.0,262.0
2,18.618632555007935,2.0,-361.0,0.046640625000000005,-8.448402777777778,-55.5999755859375,-1.0,365.0,262.0
2,18.62555480003357,2.0,-361.0,0.046640625000000005,-8.448402777777778,-55.5999755859375,-1.0,365.0,262.0
2,18.6325364112854,2.0,-361.0,0.046640625000000005,-8.448402777777778,-55.5999755859375,-1.0,365.0,262.0
2,18.64026141166687,2.0,-361.0,0.046640625000000005,-8.448402777777778,-55.5999755859375,-1.0,365.0,262.0
2,18.646111011505127,2.0,-361.0,0.046640625000000005,-8.448402777777778,-55.5999755859375,-1.0,365.0,262.0
2,18.653348445892334,2.0,-361.0,0.046640625000000005,-8.448402777777778,-55.5999755859375,-1.0,365.0,262.0
2,18.660284757614136,2.0,-361.0,0.046640625000000005,-8.448402777777778,-55.5999755859375,-1.0,365.0,262.0
2,18.667228937149048,2.0,-361.0,0.046640625000000005,-8.448402777777778,-55.5999755859375,-1.0,365.0,262.0
2,18.67417001724243,2.0,-361.0,0.046640625000000005,-8.448402777777778,-55.5999755859375,-1.0,365.0,262.0
2,18.681129932403564,2.0,-361.0,0.046640625000000005,-8.448402777777778,-55.5999755859375,-1.0,365.0,262.0
2,18.688055753707886,2.0,-361.0,0.046640625000000005,-8.448402777777778,-55.5999755859375,-1.0,365.0,262.0
2,18.694252014160156,2.0,-361.0,0.046640625000000005,-8.448402777777778,-55.5999755859375,-1.0,365.0,262.0
2,18.701983213424683,2.0,-361.0,0.046640625000000005,-8.448402777777778,-55.5999755859375,-1.0,365.0,262.0
2,18.708878993988037,2.0,-361.0,0.046640625000000005,-8.448402777777778,-55.5999755859375,-1.0,365.0,262.0
2,18.715860843658447,2.0,-361.0,0.046640625000000005,-8.448402777777778,-55.5999755859375,-1.0,365.0,262.0
2,18.722809314727783,2.0,-361.0,0.046640625000000005,-8.448402777777778,-55.5999755859375,-1.0,365.0,262.0
2,18.729729413986206,2.0,-361.0,0.046640625000000005,-8.448402777777778,-55.5999755859375,-1.0,365.0,262.0
2,18.73667287826538,2.0,-361.0,0.046640625000000005,-8.448402777777778,-55.5999755859375,-1.0,365.0,262.0
2,18.743629693984985,2.0,-361.0,0.046640625000000005,-8.448402777777778,-55.5999755859375,-1.0,365.0,262.0
2,18.75023603439331,2.0,-361.0,0.046640625000000005,-8.448402777777778,-55.5999755859375,-1.0,365.0,262.0
2,18.757513284683228,2.0,-361.0,0.046640625000000005,-8.448402777777778,-55.5999755859375,-1.0,365.0,262.0
2,18.76443076133728,2.0,-361.0,0.046640625000000005,-8.448402777777778,-55.5999755859375,-1.0,365.0,262.0
2,18.771395683288574,2.0,-361.0,0.046640625000000005,-8.448402777777778,-55.5999755859375,-1.0,365.0,262.0
2,18.778351068496704,2.0,-361.0,0.046640625000000005,-8.448402777777778,-55.5999755859375,-1.0,365.0,262.0
2,18.78507685661316,1.0,-361.0,0.023320312500000002,-8.448402777777778,-55.5999755859375,-1.0,365.0,262.0
2,18.792238473892212,1.0,-361.0,0.023320312500000002,-8.448402777777778,-55.5999755859375,-1.0,365.0,262.0
2,18.79923391342163,1.0,-361.0,0.023320312500000002,-8.448402777777778,-55.5999755859375,-1.0,365.0,262.0
2,18.806121349334717,1.0,-361.0,0.023320312500000002,-8.448402777777778,-55.5999755859375,-1.0,365.0,262.0
2,18.81306028366089,1.0,-360.0,0.023320312500000002,-8.425,-55.5999755859375,-1.0,365.0,262.0
2,18.820005178451538,1.0,-360.0,0.023320312500000002,-8.425,-55.5999755859375,-1.0,365.0,262.0
2,18.827200412750244,1.0,-359.0,0.023320312500000002,-8.401597222222223,-55.5999755859375,-1.0,365.0,262.0
2,18.834086656570435,2.0,-357.0,0.046640625000000005,-8.354791666666667,-55.5999755859375,-1.0,365.0,262.0
2,18.841002225875854,4.0,-353.0,0.09328125000000001,-8.261180555555557,-55.5999755859375,-1.0,365.0,262.0
2,18.848005771636963,5.0,-350.0,0.1166015625,-8.190972222222223,-55.5999755859375,-1.0,365.0,262.0
2,18.85499858856201,7.0,-346.0,0.16324218750000002,-8.09736111111111,-55.5999755859375,-1.0,365.0,262.0
2,18.86196494102478,9.0,-342.0,0.20988281250000002,-8.00375,-55.5999755859375,-1.0,365.0,262.0
2,18.867993116378784,12.0,-337.0,0.27984375000000006,-7.886736111111111,-55.5999755859375,-1.0,365.0,262.0
2,18.874951124191284,18.0,-328.0,0.41976562500000003,-7.676111111111112,-55.5999755859375,-1.0,365.0,262.0
2,18.881950616836548,24.0,-319.0,0.5596875000000001,-7.465486111111112,-55.5999755859375,-1.0,365.0,262.0
2,18.88895273208618,32.0,-307.0,0.7462500000000001,-7.184652777777778,-55.5999755859375,-1.0,365.0,262.0
2,18.895933151245117,42.0,-289.0,0.9794531250000001,-6.763402777777778,-55.5999755859375,-1.0,365.0,262.0
2,18.902947425842285,50.0,-268.0,1.1660156250000002,-6.271944444444445,-55.5999755859375,-1.0,365.0,262.0
2,18.90994429588318,58.0,-240.0,1.3525781250000002,-5.616666666666667,-55.5999755859375,-1.0,365.0,262.0
2,18.916957139968872,65.0,-214.0,1.5158203125000003,-5.008194444444444,-55.5999755859375,-1.0,365.0,262.0
2,18.9239342212677,70.0,-186.0,1.6324218750000001,-4.352916666666667,-55.5999755859375,-1.0,365.0,262.0
2,18.930949211120605,77.0,-156.0,1.7956640625000002,-3.6508333333333334,-55.5999755859375,-1.0,365.0,262.0
2,18.93794322013855,82.0,-130.0,1.9122656250000003,-3.0423611111111115,-55.5999755859375,-1.0,365.0,262.0
2,18.944941520690918,87.0,-101.0,2.0288671875000004,-2.363680555555556,-55.5999755859375,-1.0,365.0,262.0
2,18.951943397521973,91.0,-73.0,2.1221484375000004,-1.708402777777778,-55.5999755859375,-1.0,365.0,262.0
2,18.958930730819702,94.0,-53.0,2.1921093750000002,-1.2403472222222223,-55.5999755859375,-1.0,365.0,262.0
2,18.965941667556763,100.0,-30.0,2.3320312500000004,-0.7020833333333334,-55.5999755859375,-1.0,365.0,262.0
2,18.972954988479614,105.0,-15.0,2.4486328125,-0.3510416666666667,-55.5999755859375,-1.0,365.0,262.0
2,18.979931831359863,112.0,3.0,2.6118750000000004,0.07020833333333334,-55.5999755859375,-1.0,365.0,262.0
2,18.986942529678345,118.0,17.0,2.751796875,0.39784722222222224,-55.5999755859375,-1.0,365.0,262.0
2,18.99394202232361,124.0,28.0,2.8917187500000003,0.6552777777777778,-55.5999755859375,-1.0,365.0,262.0
2,18.99997615814209,131.0,39.0,3.0549609375,0.9127083333333333,-55.5999755859375,-1.0,365.0,262.0
2,19.00694489479065,138.0,51.0,3.2182031250000005,1.1935416666666667,-55.5999755859375,-1.0,365.0,262.0
2,19.013948678970337,145.0,61.0,3.3814453125000004,1.4275694444444444,-55.5999755859375,-1.0,365.0,262.0
2,19.02094316482544,154.0,71.0,3.5913281250000004,1.6615972222222224,-55.5999755859375,-1.0,365.0,262.0
2,19.027944087982178,160.0,78.0,3.73125,1.8254166666666667,-55.5999755859375,-1.0,365.0,262.0
2,19.034947872161865,165.0,82.0,3.8478515625000003,1.919027777777778,-55.5999755859375,-1.0,365.0,262.0
2,19.041933059692383,170.0,87.0,3.9644531250000004,2.0360416666666667,-55.5999755859375,-1.0,365.0,262.0
2,19.04894733428955,175.0,91.0,4.0810546875,2.129652777777778,-55.5999755859375,-1.0,365.0,262.0
2,19.05593490600586,178.0,94.0,4.151015625,2.1998611111111113,-55.5999755859375,-1.0,365.0,262.0
2,19.062944650650024,181.0,97.0,4.220976562500001,2.2700694444444447,-55.5999755859375,-1.0,365.0,262.0
2,19.069952964782715,183.0,100.0,4.267617187500001,2.340277777777778,-55.5999755859375,-1.0,365.0,262.0
2,19.076939344406128,186.0,103.0,4.337578125,2.410486111111111,-55.5999755859375,-1.0,365.0,262.0
2,19.083940267562866,189.0,106.0,4.407539062500001,2.4806944444444445,-55.5999755859375,-1.0,365.0,262.0
2,19.090948343276978,192.0,109.0,4.477500000000001,2.550902777777778,-55.5999755859375,-1.0,365.0,262.0
2,19.09794592857361,195.0,111.0,4.5474609375,2.5977083333333333,-55.5999755859375,-1.0,365.0,262.0
2,19.10493230819702,199.0,114.0,4.640742187500001,2.6679166666666667,-55.5999755859375,-1.0,365.0,262.0
2,19.111950397491455,203.0,117.0,4.7340234375,2.738125,-55.5999755859375,-1.0,365.0,262.0
2,19.118964195251465,208.0,119.0,4.850625000000001,2.784930555555556,-55.5999755859375,-1.0,365.0,262.0
2,19.125000715255737,212.0,121.0,4.94390625,2.8317361111111112,-55.5999755859375,-1.0,365.0,262.0
2,19.13196110725403,217.0,122.0,5.060507812500001,2.855138888888889,-55.5999755859375,-1.0,365.0,262.0
2,19.1389582157135,220.0,123.0,5.13046875,2.878541666666667,-55.5999755859375,-1.0,365.0,262.0
2,19.145956993103027,224.0,124.0,5.223750000000001,2.9019444444444447,-55.5999755859375,-1.0,365.0,262.0
2,19.152935028076172,229.0,124.0,5.3403515625,2.9019444444444447,-55.5999755859375,-1.0,365.0,262.0
2,19.159944534301758,233.0,124.0,5.433632812500001,2.9019444444444447,-55.5999755859375,-1.0,365.0,262.0
2,19.16693353652954,237.0,124.0,5.5269140625,2.9019444444444447,-55.5999755859375,-1.0,365.0,262.0
2,19.173941373825073,242.0,124.0,5.643515625000001,2.9019444444444447,-55.5999755859375,-1.0,365.0,262.0
2,19.180933475494385,247.0,124.0,5.760117187500001,2.9019444444444447,-55.5999755859375,-1.0,365.0,262.0
2,19.188639163970947,252.0,126.0,5.87671875,2.94875,-55.5999755859375,-1.0,365.0,262.0
2,19.194937467575073,256.0,127.0,5.970000000000001,2.972152777777778,-55.5999755859375,-1.0,365.0,262.0
2,19.201934337615967,264.0,131.0,6.156562500000001,3.065763888888889,-55.5999755859375,-1.0,365.0,262.0
2,19.208935737609863,271.0,135.0,6.3198046875000005,3.1593750000000003,-55.5999755859375,-1.0,365.0,262.0
2,19.21592903137207,277.0,139.0,6.459726562500001,3.2529861111111114,-55.5999755859375,-1.0,365.0,262.0
2,19.221970081329346,282.0,142.0,6.576328125000001,3.323194444444445,-55.5999755859375,-1.0,365.0,262.0
2,19.228936672210693,288.0,147.0,6.7162500000000005,3.4402083333333335,-55.5999755859375,-1.0,365.0,262.0
2,19.235926151275635,292.0,151.0,6.809531250000001,3.5338194444444446,-55.5999755859375,-1.0,365.0,262.0
2,19.242947816848755,297.0,155.0,6.926132812500001,3.6274305555555557,-55.5999755859375,-1.0,365.0,262.0
2,19.24993085861206,301.0,159.0,7.019414062500001,3.721041666666667,-55.5999755859375,-1.0,365.0,262.0
2,19.25694489479065,305.0,162.0,7.1126953125000005,3.7912500000000002,-55.5999755859375,-1.0,365.0,262.0
2,19.263935804367065,308.0,166.0,7.182656250000001,3.8848611111111113,-55.5999755859375,-1.0,365.0,262.0
2,19.270946741104126,312.0,170.0,7.2759375,3.9784722222222224,-55.5999755859375,-1.0,365.0,262.0
2,19.27793002128601,315.0,172.0,7.345898437500001,4.025277777777778,-55.5999755859375,-1.0,365.0,262.0
2,19.284942626953125,318.0,175.0,7.415859375000001,4.095486111111112,-55.5999755859375,-1.0,365.0,262.0
2,19.29194188117981,321.0,178.0,7.4858203125000005,4.165694444444445,-55.5999755859375,-1.0,365.0,262.0
2,19.298949241638184,323.0,181.0,7.532460937500001,4.2359027777777785,-55.5999755859375,-1.0,365.0,262.0
2,19.30591630935669,325.0,185.0,7.579101562500001,4.329513888888889,-55.5999755859375,-1.0,365.0,262.0
2,19.312938690185547,327.0,187.0,7.625742187500001,4.376319444444444,-55.5999755859375,-1.0,365.0,262.0
2,19.31994390487671,329.0,190.0,7.6723828125,4.446527777777778,-55.5999755859375,-1.0,365.0,262.0
2,19.326922178268433,331.0,194.0,7.719023437500001,4.540138888888889,-55.5999755859375,-1.0,365.0,262.0
2,19.33394145965576,333.0,197.0,7.765664062500001,4.610347222222223,-55.5999755859375,-1.0,365.0,262.0
2,19.341002464294434,335.0,200.0,7.812304687500001,4.680555555555556,-55.5999755859375,-1.0,365.0,262.0
2,19.347996950149536,337.0,204.0,7.858945312500001,4.774166666666667,-55.5999755859375,-1.0,365.0,262.0
2,19.35505437850952,338.0,207.0,7.8822656250000005,4.844375,-55.5999755859375,-1.0,365.0,262.0
2,19.361994743347168,339.0,210.0,7.905585937500001,4.914583333333334,-55.5999755859375,-1.0,365.0,262.0
2,19.368043184280396,340.0,212.0,7.928906250000001,4.961388888888889,-55.5999755859375,-1.0,365.0,262.0
2,19.37509059906006,341.0,215.0,7.952226562500001,5.0315972222222225,-55.5999755859375,-1.0,365.0,262.0
2,19.38198685646057,341.0,217.0,7.952226562500001,5.078402777777778,-55.5999755859375,-1.0,365.0,262.0
2,19.388999223709106,341.0,219.0,7.952226562500001,5.125208333333334,-55.5999755859375,-1.0,365.0,262.0
2,19.3961124420166,342.0,221.0,7.975546875000001,5.172013888888889,-55.5999755859375,-1.0,365.0,262.0
2,19.403144598007202,342.0,223.0,7.975546875000001,5.218819444444445,-55.5999755859375,-1.0,365.0,262.0
2,19.410131692886353,342.0,224.0,7.975546875000001,5.242222222222223,-55.5999755859375,-1.0,365.0,262.0
2,19.416999578475952,342.0,224.0,7.975546875000001,5.242222222222223,-55.5999755859375,-1.0,365.0,262.0
2,19.424170970916748,342.0,225.0,7.975546875000001,5.265625,-55.5999755859375,-1.0,365.0,262.0
2,19.431052923202515,342.0,225.0,7.975546875000001,5.265625,-55.5999755859375,-1.0,365.0,262.0
2,19.438165187835693,342.0,226.0,7.975546875000001,5.289027777777778,-55.5999755859375,-1.0,365.0,262.0
2,19.445156574249268,342.0,226.0,7.975546875000001,5.289027777777778,-55.5999755859375,-1.0,365.0,262.0
2,19.452047109603882,343.0,227.0,7.998867187500001,5.312430555555556,-55.5999755859375,-1.0,365.0,262.0
2,19.459023475646973,343.0,229.0,7.998867187500001,5.3592361111111115,-55.5999755859375,-1.0,365.0,262.0
2,19.466053247451782,345.0,231.0,8.0455078125,5.406041666666667,-55.5999755859375,-1.0,365.0,262.0
2,19.473058700561523,346.0,234.0,8.068828125000001,5.47625,-55.5999755859375,-1.0,365.0,262.0
2,19.479997396469116,349.0,237.0,8.1387890625,5.546458333333334,-55.5999755859375,-1.0,365.0,262.0
2,19.48705005645752,351.0,241.0,8.185429687500001,5.640069444444445,-55.5999755859375,-1.0,365.0,262.0
2,19.493042469024658,354.0,244.0,8.255390625,5.710277777777778,-55.5999755859375,-1.0,365.0,262.0
2,19.499974012374878,355.0,246.0,8.278710937500001,5.757083333333334,-55.5999755859375,-1.0,365.0,262.0
2,19.506980657577515,356.0,249.0,8.30203125,5.827291666666667,-55.5999755859375,-1.0,365.0,262.0
2,19.514118909835815,357.0,250.0,8.325351562500002,5.850694444444445,-55.5999755859375,-1.0,365.0,262.0
2,19.521120309829712,357.0,251.0,8.325351562500002,5.874097222222223,-55.5999755859375,-1.0,365.0,262.0
2,19.5280601978302,357.0,252.0,8.325351562500002,5.8975,-55.5999755859375,-1.0,365.0,262.0
2,19.535009384155273,357.0,252.0,8.325351562500002,5.8975,-55.5999755859375,-1.0,365.0,262.0
2,19.54226589202881,357.0,252.0,8.325351562500002,5.8975,-55.5999755859375,-1.0,365.0,262.0
2,19.54916548728943,357.0,252.0,8.325351562500002,5.8975,-55.5999755859375,-1.0,365.0,262.0
2,19.55611777305603,357.0,253.0,8.325351562500002,5.920902777777778,-55.5999755859375,-1.0,365.0,262.0
2,19.563081979751587,357.0,253.0,8.325351562500002,5.920902777777778,-55.5999755859375,-1.0,365.0,262.0
2,19.570175647735596,357.0,253.0,8.325351562500002,5.920902777777778,-55.5999755859375,-1.0,365.0,262.0
2,19.577171087265015,358.0,253.0,8.348671875,5.920902777777778,-55.5999755859375,-1.0,365.0,262.0
2,19.58416247367859,358.0,254.0,8.348671875,5.944305555555556,-55.5999755859375,-1.0,365.0,262.0
2,19.59117031097412,358.0,255.0,8.348671875,5.967708333333333,-55.5999755859375,-1.0,365.0,262.0
2,19.59815001487732,359.0,256.0,8.3719921875,5.9911111111111115,-55.5999755859375,-1.0,365.0,262.0
2,19.60504651069641,359.0,258.0,8.3719921875,6.037916666666667,-55.5999755859375,-1.0,365.0,262.0
2,19.61216950416565,360.0,259.0,8.395312500000001,6.061319444444445,-55.5999755859375,-1.0,365.0,262.0
2,19.618069648742676,360.0,259.0,8.395312500000001,6.061319444444445,-55.5999755859375,-1.0,365.0,262.0
2,19.625601291656494,360.0,259.0,8.395312500000001,6.061319444444445,-55.5999755859375,-1.0,365.0,262.0
2,19.63210940361023,360.0,260.0,8.395312500000001,6.084722222222223,-55.5999755859375,-1.0,365.0,262.0
2,19.63946771621704,360.0,260.0,8.395312500000001,6.084722222222223,-55.5999755859375,-1.0,365.0,262.0
2,19.646424531936646,360.0,260.0,8.395312500000001,6.084722222222223,-55.5999755859375,-1.0,365.0,262.0
2,19.653424739837646,360.0,260.0,8.395312500000001,6.084722222222223,-55.5999755859375,-1.0,365.0,262.0
2,19.660337924957275,360.0,260.0,8.395312500000001,6.084722222222223,-55.5999755859375,-1.0,365.0,262.0
2,19.66727352142334,360.0,260.0,8.395312500000001,6.084722222222223,-55.5999755859375,-1.0,365.0,262.0
2,19.674219369888306,360.0,260.0,8.395312500000001,6.084722222222223,-55.5999755859375,-1.0,365.0,262.0
2,19.681187868118286,360.0,260.0,8.395312500000001,6.084722222222223,-55.5999755859375,-1.0,365.0,262.0
2,19.688129901885986,360.0,260.0,8.395312500000001,6.084722222222223,-55.5999755859375,-1.0,365.0,262.0
2,19.695067405700684,360.0,260.0,8.395312500000001,6.084722222222223,-55.5999755859375,-1.0,365.0,262.0
2,19.701998472213745,360.0,260.0,8.395312500000001,6.084722222222223,-55.5999755859375,-1.0,365.0,262.0
2,19.708954095840454,360.0,260.0,8.395312500000001,6.084722222222223,-55.5999755859375,-1.0,365.0,262.0
2,19.71591281890869,360.0,260.0,8.395312500000001,6.084722222222223,-55.5999755859375,-1.0,365.0,262.0
2,19.72282886505127,360.0,260.0,8.395312500000001,6.084722222222223,-55.5999755859375,-1.0,365.0,262.0
2,19.729811429977417,360.0,260.0,8.395312500000001,6.084722222222223,-55.5999755859375,-1.0,365.0,262.0
2,19.736757278442383,360.0,260.0,8.395312500000001,6.084722222222223,-55.5999755859375,-1.0,365.0,262.0
2,19.743680715560913,360.0,260.0,8.395312500000001,6.084722222222223,-55.5999755859375,-1.0,365.0,262.0
2,19.750621795654297,360.0,260.0,8.395312500000001,6.084722222222223,-55.5999755859375,-1.0,365.0,262.0
2,19.757546424865723,360.0,260.0,8.395312500000001,6.084722222222223,-55.5999755859375,-1.0,365.0,262.0
2,19.76449751853943,360.0,260.0,8.395312500000001,6.084722222222223,-55.5999755859375,-1.0,365.0,262.0
2,19.77144455909729,360.0,260.0,8.395312500000001,6.084722222222223,-55.5999755859375,-1.0,365.0,262.0
2,19.778371810913086,360.0,260.0,8.395312500000001,6.084722222222223,-55.5999755859375,-1.0,365.0,262.0
2,19.785324811935425,360.0,260.0,8.395312500000001,6.084722222222223,-55.5999755859375,-1.0,365.0,262.0
2,19.792285919189453,360.0,260.0,8.395312500000001,6.084722222222223,-55.5999755859375,-1.0,365.0,262.0
2,19.799221992492676,360.0,260.0,8.395312500000001,6.084722222222223,-55.5999755859375,-1.0,365.0,262.0
2,19.80619192123413,360.0,260.0,8.395312500000001,6.084722222222223,-55.5999755859375,-1.0,365.0,262.0
2,19.813131093978882,360.0,260.0,8.395312500000001,6.084722222222223,-55.5999755859375,-1.0,365.0,262.0
2,19.820047855377197,360.0,260.0,8.395312500000001,6.084722222222223,-55.5999755859375,-1.0,365.0,262.0
2,19.82704257965088,360.0,260.0,8.395312500000001,6.084722222222223,-55.5999755859375,-1.0,365.0,262.0
2,19.83397126197815,360.0,260.0,8.395312500000001,6.084722222222223,-55.5999755859375,-1.0,365.0,262.0
2,19.84088969230652,360.0,260.0,8.395312500000001,6.084722222222223,-55.5999755859375,-1.0,365.0,262.0
2,19.847864627838135,360.0,260.0,8.395312500000001,6.084722222222223,-55.5999755859375,-1.0,365.0,262.0
2,19.854776620864868,360.0,260.0,8.395312500000001,6.084722222222223,-55.5999755859375,-1.0,365.0,262.0
2,19.86127519607544,360.0,260.0,8.395312500000001,6.084722222222223,-55.5999755859375,-1.0,365.0,262.0
2,19.868701696395874,360.0,260.0,8.395312500000001,6.084722222222223,-55.5999755859375,-1.0,365.0,262.0
2,19.875614404678345,360.0,260.0,8.395312500000001,6.084722222222223,-55.5999755859375,-1.0,365.0,262.0
2,19.882113218307495,361.0,260.0,8.4186328125,6.084722222222223,-55.5999755859375,-1.0,365.0,262.0
2,19.889534950256348,361.0,260.0,8.4186328125,6.084722222222223,-55.5999755859375,-1.0,365.0,262.0
2,19.896279096603394,361.0,260.0,8.4186328125,6.084722222222223,-55.5999755859375,-1.0,365.0,262.0
2,19.903425693511963,361.0,260.0,8.4186328125,6.084722222222223,-55.5999755859375,-1.0,365.0,262.0
2,19.91014575958252,361.0,260.0,8.4186328125,6.084722222222223,-55.5999755859375,-1.0,365.0,262.0
2,19.91731548309326,361.0,260.0,8.4186328125,6.084722222222223,-55.5999755859375,-1.0,365.0,262.0
2,19.924272537231445,361.0,260.0,8.4186328125,6.084722222222223,-55.5999755859375,-1.0,365.0,262.0
2,19.931216716766357,361.0,260.0,8.4186328125,6.084722222222223,-55.5999755859375,-1.0,365.0,262.0
2,19.93816351890564,361.0,260.0,8.4186328125,6.084722222222223,-55.5999755859375,-1.0,365.0,262.0
2,19.94505786895752,361.0,260.0,8.4186328125,6.084722222222223,-55.5999755859375,-1.0,365.0,262.0
2,19.952032327651978,361.0,260.0,8.4186328125,6.084722222222223,-55.5999755859375,-1.0,365.0,262.0
2,19.958940267562866,361.0,260.0,8.4186328125,6.084722222222223,-55.5999755859375,-1.0,365.0,262.0
2,19.965860843658447,361.0,260.0,8.4186328125,6.084722222222223,-55.5999755859375,-1.0,365.0,262.0
2,19.972825050354004,361.0,260.0,8.4186328125,6.084722222222223,-55.5999755859375,-1.0,365.0,262.0
2,19.979760885238647,361.0,260.0,8.4186328125,6.084722222222223,-55.5999755859375,-1.0,365.0,262.0
2,19.986734628677368,361.0,260.0,8.4186328125,6.084722222222223,-55.5999755859375,-1.0,365.0,262.0
2,19.99367618560791,361.0,260.0,8.4186328125,6.084722222222223,-55.5999755859375,-1.0,365.0,262.0
2,20.000616788864136,361.0,260.0,8.4186328125,6.084722222222223,-55.5999755859375,-1.0,365.0,262.0
2,20.007554054260254,361.0,260.0,8.4186328125,6.084722222222223,-55.5999755859375,-1.0,365.0,262.0
2,20.01450228691101,361.0,260.0,8.4186328125,6.084722222222223,-55.5999755859375,-1.0,365.0,262.0
2,20.0214786529541,361.0,260.0,8.4186328125,6.084722222222223,-55.5999755859375,-1.0,365.0,262.0
2,20.02843475341797,361.0,260.0,8.4186328125,6.084722222222223,-55.5999755859375,-1.0,365.0,262.0
2,20.035374402999878,361.0,260.0,8.4186328125,6.084722222222223,-55.5999755859375,-1.0,365.0,262.0
2,20.042328596115112,361.0,260.0,8.4186328125,6.084722222222223,-55.5999755859375,-1.0,365.0,262.0
2,20.049233198165894,361.0,260.0,8.4186328125,6.084722222222223,-55.5999755859375,-1.0,365.0,262.0
2,20.056172370910645,361.0,260.0,8.4186328125,6.084722222222223,-55.5999755859375,-1.0,365.0,262.0
2,20.063113689422607,361.0,260.0,8.4186328125,6.084722222222223,-55.5999755859375,-1.0,365.0,262.0
2,20.07005739212036,361.0,260.0,8.4186328125,6.084722222222223,-55.5999755859375,-1.0,365.0,262.0
2,20.076982021331787,361.0,260.0,8.4186328125,6.084722222222223,-55.5999755859375,-1.0,365.0,262.0
2,20.083926916122437,361.0,260.0,8.4186328125,6.084722222222223,-55.5999755859375,-1.0,365.0,262.0
