target_width,cursor-width,target_pos_x,target_pos_y,cursor_pos_x,cursor_pos_y,target_vel_x,target_vel_y,timestamp,trial_number,training,gaze_pos_x,gaze_pos_y,tracker_time
0.1,0.0,0.0,0.0,-50.0,89.0,0.0,0.0,6.67572021484375e-06,0,True,-999,-999,-1
0.1,0.0,0.0022708015740778905,0.028088818340630983,-50.0,89.0,0.0,0.0,0.007074832916259766,0,True,-999,-999,-1
0.1,0.0,0.05664239313075308,0.012975024288108601,-50.0,89.0,0.0,0.0,0.014428377151489258,0,True,-999,-999,-1
0.1,0.0,0.06961250536805721,0.05472778894003783,-50.0,89.0,0.0,0.0,0.021353960037231445,0,True,-999,-999,-1
0.1,0.0,0.045899311102472154,-0.04167303756054524,-50.0,89.0,0.0,0.0,0.028325796127319336,0,True,-999,-999,-1
0.1,0.0,0.04205470526763007,-0.001529676052166147,-50.0,89.0,0.0,0.0,0.0352625846862793,0,True,-999,-999,-1
0.1,0.0,0.038947083871760074,0.02940916070880565,-50.0,89.0,0.0,0.0,0.042194366455078125,0,True,-999,-999,-1
0.1,0.0,0.01917630665842781,0.003466449253666723,-50.0,89.0,0.0,0.0,0.04914259910583496,0,True,-999,-999,-1
0.1,0.0,0.017256217999337513,0.033812105259827016,-50.0,89.0,0.0,0.0,0.056084394454956055,0,True,-999,-999,-1
0.1,0.0,-0.012373994787502531,-0.035150797182930946,-50.0,89.0,0.0,0.0,0.06301641464233398,0,True,-999,-999,-1
0.1,0.0,-0.001794466918485487,-0.0569504037221359,-50.0,89.0,0.0,0.0,0.06997060775756836,0,True,-999,-999,-1
0.1,0.0,0.041572327689645,0.009154884230005503,-50.0,89.0,0.0,0.0,0.0769186019897461,0,True,-999,-999,-1
0.1,0.0,0.05628024376875501,-0.003323661363556116,-50.0,89.0,0.0,0.0,0.08386445045471191,0,True,-999,-999,-1
0.1,0.0,0.053222708309496575,-0.04049912430324351,-50.0,89.0,0.0,0.0,0.09080862998962402,0,True,-999,-999,-1
0.1,0.0,0.0025514263649919697,-0.03135116518557382,-50.0,89.0,0.0,0.0,0.09774088859558105,0,True,-999,-999,-1
0.1,0.0,0.03705731597853889,-0.07740501323175272,-50.0,89.0,0.0,0.0,0.1046762466430664,0,True,-999,-999,-1
0.1,0.0,0.007574007665604773,-0.06902474171367726,-50.0,89.0,0.0,0.0,0.11163878440856934,0,True,-999,-999,-1
0.1,0.0,-0.05198357963637628,-0.05470046443409965,-50.0,89.0,0.0,0.0,0.11857795715332031,0,True,-999,-999,-1
0.1,0.0,-0.023985334659230986,-0.05896276459599186,-50.0,89.0,0.0,0.0,0.12551069259643555,0,True,-999,-999,-1
0.1,0.0,-0.06175261426817025,-0.07014901530102646,-50.0,89.0,0.0,0.0,0.1324601173400879,0,True,-999,-999,-1
0.1,0.0,-0.07731382335253881,-0.08623814477455197,-50.0,89.0,0.0,0.0,0.1392214298248291,0,True,-999,-999,-1
0.1,0.0,-0.06401892298471805,-0.07094916980841424,-50.0,89.0,0.0,0.0,0.14635705947875977,0,True,-999,-999,-1
0.1,0.0,-0.07704632164366133,-0.1057776125139041,-50.0,89.0,0.0,0.0,0.15329647064208984,0,True,-999,-999,-1
0.1,0.0,-0.06500082222373135,-0.12782116115877534,-50.0,89.0,0.0,0.0,0.16025543212890625,0,True,-999,-999,-1
0.1,0.0,0.0003256765361633329,-0.0788272720946792,-50.0,89.0,0.0,0.0,0.16720056533813477,0,True,-999,-999,-1
0.1,0.0,0.007786299113915858,-0.02923518228690429,-50.0,89.0,0.0,0.0,0.17414641380310059,0,True,-999,-999,-1
0.1,0.0,0.0193921186269667,-0.055948891703989895,-50.0,89.0,0.0,0.0,0.18111157417297363,0,True,-999,-999,-1
0.1,0.0,-0.025399253449077716,-0.12592798272625005,-50.0,89.0,0.0,0.0,0.18801403045654297,0,True,-999,-999,-1
0.1,0.0,-0.036523709989438276,-0.18017034724889958,-50.0,89.0,0.0,0.0,0.1949625015258789,0,True,-999,-999,-1
0.1,0.0,-0.02498184050023465,-0.1696675203305142,-50.0,89.0,0.0,0.0,0.20191502571105957,0,True,-999,-999,-1
0.1,0.0,-0.08799187606491073,-0.20232346292340747,-50.0,89.0,0.0,0.0,0.20885682106018066,0,True,-999,-999,-1
0.1,0.0,-0.10786121382219946,-0.23632611906056128,-50.0,89.0,0.0,0.0,0.21580934524536133,0,True,-999,-999,-1
0.1,0.0,-0.10554769365435836,-0.27564240497660836,-50.0,89.0,0.0,0.0,0.22289252281188965,0,True,-999,-999,-1
0.1,0.0,-0.09636205856340312,-0.23479354525825374,-50.0,89.0,0.0,0.0,0.2296442985534668,0,True,-999,-999,-1
0.1,0.0,-0.08348740728718748,-0.21974471695251158,-50.0,89.0,0.0,0.0,0.23662781715393066,0,True,-999,-999,-1
0.1,0.0,-0.04550645792732141,-0.22933931690609086,-50.0,89.0,0.0,0.0,0.24357318878173828,0,True,-999,-999,-1
0.1,0.0,-0.06969920434719956,-0.24170185121989754,-50.0,89.0,0.0,0.0,0.250521183013916,0,True,-999,-999,-1
0.1,0.0,-0.04486398579651426,-0.32419142887198477,-50.0,89.0,0.0,0.0,0.2574613094329834,0,True,-999,-999,-1
0.1,0.0,0.002014537502759775,-0.35744363964122605,-50.0,89.0,0.0,0.0,0.2644166946411133,0,True,-999,-999,-1
0.1,0.0,0.007253450353490851,-0.2718516311350163,-50.0,89.0,0.0,0.0,0.2713620662689209,0,True,-999,-999,-1
0.1,0.0,0.03462895636939786,-0.2873740888968816,-50.0,89.0,0.0,0.0,0.278292179107666,0,True,-999,-999,-1
0.1,0.0,0.05458197080639253,-0.2686020968575366,-50.0,89.0,0.0,0.0,0.28525400161743164,0,True,-999,-999,-1
0.1,0.0,0.08687502826434376,-0.22171540666365344,-50.0,89.0,0.0,0.0,0.29220032691955566,0,True,-999,-999,-1
0.1,0.0,0.05045592403668868,-0.2754865674540378,-50.0,89.0,0.0,0.0,0.2991502285003662,0,True,-999,-999,-1
0.1,0.0,0.06719556751581414,-0.2953935271196172,-50.0,89.0,0.0,0.0,0.3060934543609619,0,True,-999,-999,-1
0.1,0.0,0.04226938288510204,-0.29779517269644157,-50.0,89.0,0.0,0.0,0.31301093101501465,0,True,-999,-999,-1
0.1,0.0,0.04500296174229232,-0.38312288633640235,-50.0,89.0,0.0,0.0,0.31998252868652344,0,True,-999,-999,-1
0.1,0.0,0.01922240800330629,-0.41106015655470024,-50.0,89.0,0.0,0.0,0.32688379287719727,0,True,-999,-999,-1
0.1,0.0,0.03931946963043702,-0.42497043227937403,-50.0,89.0,0.0,0.0,0.33386707305908203,0,True,-999,-999,-1
0.1,0.0,0.025209704431921873,-0.40296384879066577,-50.0,89.0,0.0,0.0,0.3408176898956299,0,True,-999,-999,-1
0.1,0.0,-0.0467456761009659,-0.3548476604344844,-50.0,89.0,0.0,0.0,0.34775304794311523,0,True,-999,-999,-1
0.1,0.0,-0.04044579696040966,-0.3777926456758197,-50.0,89.0,0.0,0.0,0.35471153259277344,0,True,-999,-999,-1
0.1,0.0,-0.08372784970420245,-0.3332654551511399,-50.0,89.0,0.0,0.0,0.36165666580200195,0,True,-999,-999,-1
0.1,0.0,-0.09073811184813346,-0.29535074730077626,-50.0,89.0,0.0,0.0,0.36861300468444824,0,True,-999,-999,-1
0.1,0.0,-0.09646917754055889,-0.30090708848497716,-50.0,89.0,0.0,0.0,0.3755171298980713,0,True,-999,-999,-1
0.1,0.0,-0.12832103867707045,-0.35239390208895205,-50.0,89.0,0.0,0.0,0.3824756145477295,0,True,-999,-999,-1
0.1,0.0,-0.11150342325704796,-0.39418997326605043,-50.0,89.0,0.0,0.0,0.3894190788269043,0,True,-999,-999,-1
0.1,0.0,-0.09464169034623049,-0.3582250323843544,-50.0,89.0,0.0,0.0,0.3963744640350342,0,True,-999,-999,-1
0.1,0.0,-0.07149282866402382,-0.39418551746990405,-50.0,89.0,0.0,0.0,0.4033024311065674,0,True,-999,-999,-1
0.1,0.0,-0.05273174441324749,-0.4015555034851932,-50.0,89.0,0.0,0.0,0.4102599620819092,0,True,-999,-999,-1
0.1,0.0,-0.026507042499057592,-0.27535492104163806,-50.0,89.0,0.0,0.0,0.41721463203430176,0,True,-999,-999,-1
0.1,0.0,-0.08059123522279944,-0.2588140502603877,-50.0,89.0,0.0,0.0,0.4241518974304199,0,True,-999,-999,-1
0.1,0.0,-0.0819671447875872,-0.27012538048949175,-50.0,89.0,0.0,0.0,0.43106985092163086,0,True,-999,-999,-1
0.1,0.0,-0.06407795060180112,-0.2621600678431519,-50.0,89.0,0.0,0.0,0.438004732131958,0,True,-999,-999,-1
0.1,0.0,-0.059144073470323036,-0.22014690775929746,-50.0,89.0,0.0,0.0,0.444988489151001,0,True,-999,-999,-1
0.1,0.0,-0.10909137315511883,-0.27046328788919355,-50.0,89.0,0.0,0.0,0.45191502571105957,0,True,-999,-999,-1
0.1,0.0,-0.10179759203821445,-0.28934033539447745,-50.0,89.0,0.0,0.0,0.45886898040771484,0,True,-999,-999,-1
0.1,0.0,-0.08862812844844342,-0.3660193911327858,-50.0,89.0,0.0,0.0,0.46580958366394043,0,True,-999,-999,-1
0.1,0.0,-0.03345694676921115,-0.3200101593027216,-50.0,89.0,0.0,0.0,0.4727599620819092,0,True,-999,-999,-1
0.1,0.0,-0.05476540523899273,-0.33534918478739295,-50.0,89.0,0.0,0.0,0.4796919822692871,0,True,-999,-999,-1
0.1,0.0,-0.032337741969325096,-0.24798484023797432,-50.0,89.0,0.0,0.0,0.48663830757141113,0,True,-999,-999,-1
0.1,0.0,-0.05929656302417417,-0.2423860368972811,-50.0,89.0,0.0,0.0,0.49358463287353516,0,True,-999,-999,-1
0.1,0.0,-0.05735835623832163,-0.17362780701186292,-50.0,89.0,0.0,0.0,0.5005459785461426,0,True,-999,-999,-1
0.1,0.0,-0.09680146692016597,-0.14497441112092554,-50.0,89.0,0.0,0.0,0.5074717998504639,0,True,-999,-999,-1
0.1,0.0,-0.10540534287901393,-0.11959115147932994,-50.0,89.0,0.0,0.0,0.514434814453125,0,True,-999,-999,-1
0.1,0.0,-0.09505804556227428,-0.06513632232324465,-50.0,89.0,0.0,0.0,0.5213699340820312,0,True,-999,-999,-1
0.1,0.0,-0.08069621274797328,-0.04784507478604869,-50.0,89.0,0.0,0.0,0.5283188819885254,0,True,-999,-999,-1
0.1,0.0,-0.15274843608253574,-0.10619657928535368,-50.0,89.0,0.0,0.0,0.5352752208709717,0,True,-999,-999,-1
0.1,0.0,-0.14723409315562516,-0.12118951689753676,-50.0,89.0,0.0,0.0,0.5422148704528809,0,True,-999,-999,-1
0.1,0.0,-0.2303088719765694,-0.10569669878590927,-50.0,89.0,0.0,0.0,0.5491485595703125,0,True,-999,-999,-1
0.1,0.0,-0.28713284817040563,-0.12063426535472989,-50.0,89.0,0.0,0.0,0.5560996532440186,0,True,-999,-999,-1
0.1,0.0,-0.27597029858851135,-0.14236582334243436,-50.0,89.0,0.0,0.0,0.5630378723144531,0,True,-999,-999,-1
0.1,0.0,-0.22668314781861237,-0.1386545795066857,-50.0,89.0,0.0,0.0,0.5700037479400635,0,True,-999,-999,-1
0.1,0.0,-0.14480286027928874,-0.13360357197622205,-50.0,89.0,0.0,0.0,0.5769298076629639,0,True,-999,-999,-1
0.1,0.0,-0.13434894006401074,-0.08487648285851676,-50.0,89.0,0.0,0.0,0.5838801860809326,0,True,-999,-999,-1
0.1,0.0,-0.11644490357451356,-0.08877218032619233,-50.0,89.0,0.0,0.0,0.5908129215240479,0,True,-999,-999,-1
0.1,0.0,-0.14333285474604213,-0.11380855643178847,-50.0,89.0,0.0,0.0,0.5977597236633301,0,True,-999,-999,-1
0.1,0.0,-0.20902172768619687,-0.11869497717798803,-50.0,89.0,0.0,0.0,0.6047055721282959,0,True,-999,-999,-1
0.1,0.0,-0.22070303156041882,-0.1332971112259361,-50.0,89.0,0.0,0.0,0.6116392612457275,0,True,-999,-999,-1
0.1,0.0,-0.25970508883032356,-0.08360468916677649,-50.0,89.0,0.0,0.0,0.6185882091522217,0,True,-999,-999,-1
0.1,0.0,-0.2651328998119418,-0.07995674475232127,-50.0,89.0,0.0,0.0,0.6255319118499756,0,True,-999,-999,-1
0.1,0.0,-0.2707660090054528,-0.0010563327206601636,-50.0,89.0,0.0,0.0,0.6324677467346191,0,True,-999,-999,-1
0.1,0.0,-0.27664269003322634,0.02378909609576198,-50.0,89.0,0.0,0.0,0.6394259929656982,0,True,-999,-999,-1
0.1,0.0,-0.23760972496108834,0.045719414196942455,-50.0,89.0,0.0,0.0,0.6463756561279297,0,True,-999,-999,-1
0.1,0.0,-0.18719842488826494,-0.00881007824403976,-50.0,89.0,0.0,0.0,0.6533052921295166,0,True,-999,-999,-1
0.1,0.0,-0.16483847090559936,-0.0016145485088531527,-50.0,89.0,0.0,0.0,0.6602697372436523,0,True,-999,-999,-1
0.1,0.0,-0.1645198899439597,0.02026580819545913,-50.0,89.0,0.0,0.0,0.6672031879425049,0,True,-999,-999,-1
0.1,0.0,-0.1768125196653204,-0.016236078048133387,-50.0,89.0,0.0,0.0,0.674189567565918,0,True,-999,-999,-1
0.1,0.0,-0.14663628304596268,-0.05761473396058461,-50.0,89.0,0.0,0.0,0.6811079978942871,0,True,-999,-999,-1
0.1,0.0,-0.12037528694083556,-0.0471294955476379,-50.0,89.0,0.0,0.0,0.6880362033843994,0,True,-999,-999,-1
0.1,0.0,-0.15687858622972944,-0.06469812379427357,-50.0,89.0,0.0,0.0,0.6949892044067383,0,True,-999,-999,-1
0.1,0.0,-0.14271711709615184,-0.08574262628919559,-50.0,89.0,0.0,0.0,0.7019712924957275,0,True,-999,-999,-1
0.1,0.0,-0.12793872885701973,-0.02981583087097721,-50.0,89.0,0.0,0.0,0.7089285850524902,0,True,-999,-999,-1
0.1,0.0,-0.12297302979780957,-0.11883549579380419,-50.0,89.0,0.0,0.0,0.7158679962158203,0,True,-999,-999,-1
0.1,0.0,-0.07065620326012811,-0.059581759098973855,-50.0,89.0,0.0,0.0,0.7228331565856934,0,True,-999,-999,-1
0.1,0.0,-0.09087415386077291,-0.10217486643310053,-50.0,89.0,0.0,0.0,0.7297561168670654,0,True,-999,-999,-1
0.1,0.0,-0.10925495836503674,-0.037975071725369264,-50.0,89.0,0.0,0.0,0.7367010116577148,0,True,-999,-999,-1
0.1,0.0,-0.08851660655527155,-0.05959047679318838,-50.0,89.0,0.0,0.0,0.7436208724975586,0,True,-999,-999,-1
0.1,0.0,-0.04264403709087021,-0.08535775391629213,-50.0,89.0,0.0,0.0,0.7505843639373779,0,True,-999,-999,-1
0.1,0.0,-0.02520547170265757,-0.03678682682647731,-50.0,89.0,0.0,0.0,0.7575173377990723,0,True,-999,-999,-1
0.1,0.0,0.010663601461461197,-0.09594611132440647,-50.0,89.0,0.0,0.0,0.764427900314331,0,True,-999,-999,-1
0.1,0.0,-0.05020775768652333,-0.05588393538536977,-50.0,89.0,0.0,0.0,0.7714319229125977,0,True,-999,-999,-1
0.1,0.0,-0.09763831902041387,-0.11711722226363325,-50.0,89.0,0.0,0.0,0.7783756256103516,0,True,-999,-999,-1
0.1,0.0,-0.0800718299224737,-0.17404927867625652,-50.0,89.0,0.0,0.0,0.7853257656097412,0,True,-999,-999,-1
0.1,0.0,-0.08261404983895539,-0.17343118419423428,-50.0,89.0,0.0,0.0,0.7922708988189697,0,True,-999,-999,-1
0.1,0.0,-0.08866617275228439,-0.23002802600902372,-50.0,89.0,0.0,0.0,0.7992255687713623,0,True,-999,-999,-1
0.1,0.0,-0.07887247580834422,-0.27714466828134676,-50.0,89.0,0.0,0.0,0.8061182498931885,0,True,-999,-999,-1
0.1,0.0,-0.07735062170059545,-0.32631395746386876,-50.0,89.0,0.0,0.0,0.8130834102630615,0,True,-999,-999,-1
0.1,0.0,-0.045761346857571814,-0.3267611616158637,-50.0,89.0,0.0,0.0,0.8200275897979736,0,True,-999,-999,-1
0.1,0.0,-0.07233525566179494,-0.34625726243401905,-50.0,89.0,0.0,0.0,0.8270037174224854,0,True,-999,-999,-1
0.1,0.0,-0.007759039439847487,-0.34015468545784294,-50.0,89.0,0.0,0.0,0.8339247703552246,0,True,-999,-999,-1
0.1,0.0,-0.04595507149499597,-0.4058954192828045,-50.0,89.0,0.0,0.0,0.8408865928649902,0,True,-999,-999,-1
0.1,0.0,-0.02725850220939719,-0.3446439864571499,-50.0,89.0,0.0,0.0,0.8478209972381592,0,True,-999,-999,-1
0.1,0.0,-0.031447248504768724,-0.3350649489311885,-50.0,89.0,0.0,0.0,0.854771614074707,0,True,-999,-999,-1
0.1,0.0,-0.010567449714809454,-0.2946906229805703,-50.0,89.0,0.0,0.0,0.8616268634796143,0,True,-999,-999,-1
0.1,0.0,0.008871513737120716,-0.23472482638634318,-50.0,89.0,0.0,0.0,0.8686208724975586,0,True,-999,-999,-1
0.1,0.0,0.02196979866996182,-0.2700267344718581,-50.0,89.0,0.0,0.0,0.875622034072876,0,True,-999,-999,-1
0.1,0.0,-0.050220543400567266,-0.33266999962955657,-50.0,89.0,0.0,0.0,0.8826847076416016,0,True,-999,-999,-1
0.1,0.0,-0.10991177960316037,-0.33178768144688126,-50.0,89.0,0.0,0.0,0.8894636631011963,0,True,-999,-999,-1
0.1,0.0,-0.10218368989496066,-0.33863994555553645,-50.0,89.0,0.0,0.0,0.896425724029541,0,True,-999,-999,-1
0.1,0.0,-0.10246072278083253,-0.3345137800255238,-50.0,89.0,0.0,0.0,0.9034824371337891,0,True,-999,-999,-1
0.1,0.0,-0.040617875818667555,-0.3457450584578314,-50.0,89.0,0.0,0.0,0.9102504253387451,0,True,-999,-999,-1
0.1,0.0,-0.043933023973244424,-0.34267206888621987,-50.0,89.0,0.0,0.0,0.9176445007324219,0,True,-999,-999,-1
0.1,0.0,-0.0715124631908534,-0.34601620138099326,-50.0,89.0,0.0,0.0,0.9241158962249756,0,True,-999,-999,-1
0.1,0.0,-0.07964089234828972,-0.3510819093439953,-50.0,89.0,0.0,0.0,0.9308466911315918,0,True,-999,-999,-1
0.1,0.0,-0.095317319253134,-0.34646490269784713,-50.0,89.0,0.0,0.0,0.9374501705169678,0,True,-999,-999,-1
0.1,0.0,-0.07865787489345204,-0.36826981928413294,-50.0,89.0,0.0,0.0,0.9450039863586426,0,True,-999,-999,-1
0.1,0.0,-0.023978416540833866,-0.34253764490822614,-50.0,89.0,0.0,0.0,0.9519217014312744,0,True,-999,-999,-1
0.1,0.0,0.02617986309302183,-0.3375213947631888,-50.0,89.0,0.0,0.0,0.9591560363769531,0,True,-999,-999,-1
0.1,0.0,-0.025268879983774348,-0.34616391493434623,-50.0,89.0,0.0,0.0,0.9648904800415039,0,True,-999,-999,-1
0.1,0.0,-0.025088242719369623,-0.40485746572088993,-50.0,89.0,0.0,0.0,0.9727847576141357,0,True,-999,-999,-1
0.1,0.0,-0.012489288873625902,-0.40843756555170907,-50.0,89.0,0.0,0.0,0.9788503646850586,0,True,-999,-999,-1
0.1,0.0,0.038907149659424066,-0.44979413588542794,-50.0,89.0,0.0,0.0,0.9866712093353271,0,True,-999,-999,-1
0.1,0.0,0.04708037679209983,-0.4724463933927521,-50.0,89.0,0.0,0.0,0.9940454959869385,0,True,-999,-999,-1
0.1,0.0,0.052011310300126,-0.45379191459316304,-50.0,89.0,0.0,0.0,1.000563621520996,0,True,-999,-999,-1
0.1,0.0,0.023744127575515035,-0.427023180445152,-50.0,89.0,0.0,0.0,1.0069847106933594,0,True,-999,-999,-1
0.1,0.0,0.0868816330379551,-0.40403671421496024,-50.0,89.0,0.0,0.0,1.0144352912902832,0,True,-999,-999,-1
0.1,0.0,0.029410154079668148,-0.39514354015382835,-50.0,89.0,0.0,0.0,1.0213818550109863,0,True,-999,-999,-1
0.1,0.0,0.0007396426318387814,-0.35397420421873926,-50.0,89.0,0.0,0.0,1.0283215045928955,0,True,-999,-999,-1
0.1,0.0,-0.05938374283308515,-0.38670844491800493,-50.0,89.0,0.0,0.0,1.0352580547332764,0,True,-999,-999,-1
0.1,0.0,-0.03379167979077701,-0.35394326803554627,-50.0,89.0,0.0,0.0,1.04221773147583,0,True,-999,-999,-1
0.1,0.0,-0.010583814053267117,-0.3549998211269045,-50.0,89.0,0.0,0.0,1.0491611957550049,0,True,-999,-999,-1
0.1,0.0,0.07279357722252763,-0.38226165839455195,-50.0,89.0,0.0,0.0,1.0561087131500244,0,True,-999,-999,-1
0.1,0.0,0.06791296724580863,-0.3165551985235596,-50.0,89.0,0.0,0.0,1.0630393028259277,0,True,-999,-999,-1
0.1,0.0,0.07072360873169223,-0.26788720106138053,-50.0,89.0,0.0,0.0,1.0699994564056396,0,True,-999,-999,-1
0.1,0.0,0.15366199656860924,-0.2539523248760068,-50.0,89.0,0.0,0.0,1.0769236087799072,0,True,-999,-999,-1
0.1,0.0,0.08624443879331971,-0.3191799299996327,-50.0,89.0,0.0,0.0,1.0838747024536133,0,True,-999,-999,-1
0.1,0.0,0.055231697592374576,-0.3218059256261879,-50.0,89.0,0.0,0.0,1.090430736541748,0,True,-999,-999,-1
0.1,0.0,0.09814174115280158,-0.37570314787825343,-50.0,89.0,0.0,0.0,1.0977847576141357,0,True,-999,-999,-1
0.1,0.0,0.07127352571860393,-0.41499536717305313,-50.0,89.0,0.0,0.0,1.1047098636627197,0,True,-999,-999,-1
0.1,0.0,0.03579011356540252,-0.4210105886773551,-50.0,89.0,0.0,0.0,1.111649751663208,0,True,-999,-999,-1
0.1,0.0,0.07729207110378075,-0.4983951795110463,-50.0,89.0,0.0,0.0,1.1185977458953857,0,True,-999,-999,-1
0.1,0.0,0.07376170990573991,-0.49787964137019697,-50.0,89.0,0.0,0.0,1.125547170639038,0,True,-999,-999,-1
0.1,0.0,-0.03282783920521867,-0.49654998571516695,-50.0,89.0,0.0,0.0,1.1324849128723145,0,True,-999,-999,-1
0.1,0.0,-0.10126369745135347,-0.5057242420394163,-50.0,89.0,0.0,0.0,1.1394360065460205,0,True,-999,-999,-1
0.1,0.0,-0.04974463428588651,-0.5474176514395527,-50.0,89.0,0.0,0.0,1.1464207172393799,0,True,-999,-999,-1
0.1,0.0,0.014610764706598549,-0.6008218316570398,-50.0,89.0,0.0,0.0,1.1533927917480469,0,True,-999,-999,-1
0.1,0.0,-0.020001680628914047,-0.6315614309258797,-50.0,89.0,0.0,0.0,1.16032075881958,0,True,-999,-999,-1
0.1,0.0,0.005748611204901,-0.6382816818572917,-50.0,89.0,0.0,0.0,1.1672260761260986,0,True,-999,-999,-1
0.1,0.0,0.0567920629055845,-0.7156976911386319,-50.0,89.0,0.0,0.0,1.1742103099822998,0,True,-999,-999,-1
0.1,0.0,0.06374806448468606,-0.7109739610721401,-50.0,89.0,0.0,0.0,1.1811792850494385,0,True,-999,-999,-1
0.1,0.0,0.04553279611229944,-0.6679661435993314,-50.0,89.0,0.0,0.0,1.188101053237915,0,True,-999,-999,-1
0.1,0.0,0.03982812878838171,-0.629434262737505,-50.0,89.0,0.0,0.0,1.1950597763061523,0,True,-999,-999,-1
0.1,0.0,0.0639092530688722,-0.5657422838916121,-50.0,89.0,0.0,0.0,1.2016699314117432,0,True,-999,-999,-1
0.1,0.0,0.06640433800336419,-0.6067096953037003,-50.0,89.0,0.0,0.0,1.208838701248169,0,True,-999,-999,-1
0.1,0.0,0.0999260645481625,-0.6331877349230005,-50.0,89.0,0.0,0.0,1.2158374786376953,0,True,-999,-999,-1
0.1,0.0,0.07185337167073964,-0.6565968503031141,-50.0,89.0,0.0,0.0,1.222771406173706,0,True,-999,-999,-1
0.1,0.0,0.10812363481783266,-0.7173717660031536,-50.0,89.0,0.0,0.0,1.2297303676605225,0,True,-999,-999,-1
0.1,0.0,0.1363391877308696,-0.7201513453780009,-50.0,89.0,0.0,0.0,1.2366492748260498,0,True,-999,-999,-1
0.1,0.0,0.15504025270231664,-0.7347233659029062,-50.0,89.0,0.0,0.0,1.2436020374298096,0,True,-999,-999,-1
0.1,0.0,0.13722879644743186,-0.723635288488117,-50.0,89.0,0.0,0.0,1.2505395412445068,0,True,-999,-999,-1
0.1,0.0,0.10004867265742012,-0.6723511448398813,-50.0,89.0,0.0,0.0,1.25748610496521,0,True,-999,-999,-1
0.1,0.0,0.11387298136606282,-0.6327833716056895,-50.0,89.0,0.0,0.0,1.2644386291503906,0,True,-999,-999,-1
0.1,0.0,0.12350633347706476,-0.6490245536990134,-50.0,89.0,0.0,0.0,1.2714033126831055,0,True,-999,-999,-1
0.1,0.0,0.20052235234357252,-0.6681061043558854,-50.0,89.0,0.0,0.0,1.2783617973327637,0,True,-999,-999,-1
0.1,0.0,0.15843905205977726,-0.7133793799986539,-50.0,89.0,0.0,0.0,1.2853152751922607,0,True,-999,-999,-1
0.1,0.0,0.1521125633363026,-0.6947603130824256,-50.0,89.0,0.0,0.0,1.2922794818878174,0,True,-999,-999,-1
0.1,0.0,0.11424265823192098,-0.591004389585329,-50.0,89.0,0.0,0.0,1.299220323562622,0,True,-999,-999,-1
0.1,0.0,0.13477267963106998,-0.5697596187202125,-50.0,89.0,0.0,0.0,1.3061747550964355,0,True,-999,-999,-1
0.1,0.0,0.13117131246355093,-0.5324538293684729,-50.0,89.0,0.0,0.0,1.3130912780761719,0,True,-999,-999,-1
0.1,0.0,0.1571988043826495,-0.4910169858539113,-50.0,89.0,0.0,0.0,1.3199892044067383,0,True,-999,-999,-1
0.1,0.0,0.1825988648460175,-0.44888321039040063,-50.0,89.0,0.0,0.0,1.3269965648651123,0,True,-999,-999,-1
0.1,0.0,0.23132275965414925,-0.39520230518659,-50.0,89.0,0.0,0.0,1.3339276313781738,0,True,-999,-999,-1
0.1,0.0,0.19832857956727962,-0.41168448102020805,-50.0,89.0,0.0,0.0,1.340897798538208,0,True,-999,-999,-1
0.1,0.0,0.23620825426276348,-0.37587923958093616,-50.0,89.0,0.0,0.0,1.347827434539795,0,True,-999,-999,-1
0.1,0.0,0.29027343829006846,-0.40118851342838374,-50.0,89.0,0.0,0.0,1.3547680377960205,0,True,-999,-999,-1
0.1,0.0,0.3151005873222589,-0.31597275040227246,-50.0,89.0,0.0,0.0,1.3617112636566162,0,True,-999,-999,-1
0.1,0.0,0.3405716496657983,-0.3857682816200679,-50.0,89.0,0.0,0.0,1.368577241897583,0,True,-999,-999,-1
0.1,0.0,0.40444600397967273,-0.3784102005693148,-50.0,89.0,0.0,0.0,1.3755106925964355,0,True,-999,-999,-1
0.1,0.0,0.4049312129260491,-0.30355214214438353,-50.0,89.0,0.0,0.0,1.3824594020843506,0,True,-999,-999,-1
0.1,0.0,0.34461141821652425,-0.3836461840862139,-50.0,89.0,0.0,0.0,1.3894479274749756,0,True,-999,-999,-1
0.1,0.0,0.3227357017129349,-0.3601477875575923,-50.0,89.0,0.0,0.0,1.396393060684204,0,True,-999,-999,-1
0.1,0.0,0.32098765557545,-0.29972753801720614,-50.0,89.0,0.0,0.0,1.4033188819885254,0,True,-999,-999,-1
0.1,0.0,0.31942836739313724,-0.2693906246928484,-50.0,89.0,0.0,0.0,1.410271406173706,0,True,-999,-999,-1
0.1,0.0,0.37589034860477044,-0.19498113124080546,-50.0,89.0,0.0,0.0,1.4171640872955322,0,True,-999,-999,-1
0.1,0.0,0.37393165840459036,-0.1749563724391214,-50.0,89.0,0.0,0.0,1.4239757061004639,0,True,-999,-999,-1
0.1,0.0,0.323520362790796,-0.193938597069514,-49.0,89.0,0.0,0.0,1.4308483600616455,0,True,-999,-999,-1
0.1,0.0,0.37085764365785145,-0.24340762389934545,-47.0,89.0,0.0,0.0,1.4379737377166748,0,True,-999,-999,-1
0.1,0.0,0.39407115470138426,-0.2684817197776358,-46.0,88.0,0.0,0.0,1.4448461532592773,0,True,-999,-999,-1
0.1,0.0,0.3606466892073849,-0.2460261664458551,-45.0,87.0,0.0,0.0,1.4518303871154785,0,True,-999,-999,-1
0.1,0.0,0.266002040343565,-0.27833617995045307,-43.0,87.0,0.0,0.0,1.4589567184448242,0,True,-999,-999,-1
0.1,0.0,0.28044727952646586,-0.20548932068732806,-42.0,87.0,0.0,0.0,1.465822696685791,0,True,-999,-999,-1
0.1,0.0,0.2552562482906401,-0.21139529438296675,-43.0,85.0,0.0,0.0,1.4728147983551025,0,True,-999,-999,-1
0.1,0.0,0.2637933566667228,-0.22538794607515494,-47.0,84.0,0.0,0.0,1.4788615703582764,0,True,-999,-999,-1
0.1,0.0,0.29402112922290324,-0.23005473475593205,-50.0,82.0,0.0,0.0,1.4858078956604004,0,True,-999,-999,-1
0.1,0.0,0.3350541770927998,-0.24427982923093616,-54.0,81.0,0.0,0.0,1.4928159713745117,0,True,-999,-999,-1
0.1,0.0,0.29446879174147356,-0.22372106336262496,-59.0,79.0,0.0,0.0,1.4998140335083008,0,True,-999,-999,-1
0.1,0.0,0.2794464898682451,-0.2649723054636687,-65.0,78.0,0.0,0.0,1.5068066120147705,0,True,-999,-999,-1
0.1,0.0,0.27459847167538415,-0.27620947188055095,-71.0,76.0,0.0,0.0,1.5142896175384521,0,True,-999,-999,-1
0.1,0.0,0.2737493353104711,-0.24546277577351608,-72.0,76.0,0.0,0.0,1.5212178230285645,0,True,-999,-999,-1
0.1,0.0,0.320037296454109,-0.21840998401161438,-72.0,76.0,0.0,0.0,1.5282185077667236,0,True,-999,-999,-1
0.1,0.0,0.3779752801256142,-0.29395196792642025,-72.0,76.0,0.0,0.0,1.5351743698120117,0,True,-999,-999,-1
0.1,0.0,0.43805966488982495,-0.1954971899529953,-72.0,76.0,0.0,0.0,1.5421466827392578,0,True,-999,-999,-1
0.1,0.0,0.3897290910713664,-0.18566497484214428,-72.0,76.0,0.0,0.0,1.5490729808807373,0,True,-999,-999,-1
0.1,0.0,0.35732086144128317,-0.14571940119087773,-72.0,76.0,0.0,0.0,1.556020736694336,0,True,-999,-999,-1
0.1,0.0,0.27383353021120704,-0.15174556110881793,-72.0,76.0,0.0,0.0,1.5629513263702393,0,True,-999,-999,-1
0.1,0.0,0.2847220187177143,-0.13995145060827213,-72.0,76.0,0.0,0.0,1.569969892501831,0,True,-999,-999,-1
0.1,0.0,0.27606187131234977,-0.08424951155436414,-72.0,76.0,0.0,0.0,1.5769562721252441,0,True,-999,-999,-1
0.1,0.0,0.3270195556128255,-0.03656570618803225,-72.0,76.0,0.0,0.0,1.5838918685913086,0,True,-999,-999,-1
0.1,0.0,0.363426185509526,-0.010232498441471078,-72.0,76.0,0.0,0.0,1.5907881259918213,0,True,-999,-999,-1
0.1,0.0,0.3575964092202168,0.03418174932569916,-72.0,76.0,0.0,0.0,1.5977797508239746,0,True,-999,-999,-1
0.1,0.0,0.34171284534532875,0.08186871363368065,-72.0,76.0,0.0,0.0,1.6047263145446777,0,True,-999,-999,-1
0.1,0.0,0.22653276702261713,0.046025816591160444,-72.0,76.0,0.0,0.0,1.6116626262664795,0,True,-999,-999,-1
0.1,0.0,0.2288940461628488,0.09001943800052639,-72.0,76.0,0.0,0.0,1.618605136871338,0,True,-999,-999,-1
0.1,0.0,0.29068251822125807,0.1167612115202487,-72.0,76.0,0.0,0.0,1.6255567073822021,0,True,-999,-999,-1
0.1,0.0,0.3650262395998243,0.061091635857659005,-72.0,76.0,0.0,0.0,1.6325087547302246,0,True,-999,-999,-1
0.1,0.0,0.42323856480239425,0.04034019058828181,-72.0,76.0,0.0,0.0,1.6394374370574951,0,True,-999,-999,-1
0.1,0.0,0.5140459925201715,0.15984148660130518,-72.0,76.0,0.0,0.0,1.6464040279388428,0,True,-999,-999,-1
0.1,0.0,0.5660004524813587,0.20908085100242715,-72.0,76.0,0.0,0.0,1.653329849243164,0,True,-999,-999,-1
0.1,0.0,0.6148207264815271,0.1750542888990124,-72.0,76.0,0.0,0.0,1.6602859497070312,0,True,-999,-999,-1
0.1,0.0,0.6348517218086978,0.13245048211742833,-72.0,76.0,0.0,0.0,1.6672098636627197,0,True,-999,-999,-1
0.1,0.0,0.6056724797508289,0.17928546257820188,-72.0,76.0,0.0,0.0,1.6741704940795898,0,True,-999,-999,-1
0.1,0.0,0.5237680172143643,0.22372675736501474,-72.0,76.0,0.0,0.0,1.6811180114746094,0,True,-999,-999,-1
0.1,0.0,0.5384695929019742,0.2359383180449619,-72.0,76.0,0.0,0.0,1.6880097389221191,0,True,-999,-999,-1
0.1,0.0,0.528485702007844,0.3092459760228692,-72.0,76.0,0.0,0.0,1.6949315071105957,0,True,-999,-999,-1
0.1,0.0,0.4868127373864254,0.3088677897390789,-72.0,76.0,0.0,0.0,1.7018542289733887,0,True,-999,-999,-1
0.1,0.0,0.5391610743940104,0.2916100959187208,-72.0,76.0,0.0,0.0,1.708775520324707,0,True,-999,-999,-1
0.1,0.0,0.4792207972123682,0.26268109808128615,-72.0,76.0,0.0,0.0,1.7157158851623535,0,True,-999,-999,-1
0.1,0.0,0.472622464791908,0.2517704434658133,-72.0,76.0,0.0,0.0,1.7226440906524658,0,True,-999,-999,-1
0.1,0.0,0.4554552510238935,0.26919598914549975,-72.0,76.0,0.0,0.0,1.729586124420166,0,True,-999,-999,-1
0.1,0.0,0.44888579932624956,0.252784065979397,-72.0,76.0,0.0,0.0,1.7365210056304932,0,True,-999,-999,-1
0.1,0.0,0.3675925191514129,0.26722766718739993,-72.0,76.0,0.0,0.0,1.7434701919555664,0,True,-999,-999,-1
0.1,0.0,0.2960157740216015,0.2905164983764134,-72.0,76.0,0.0,0.0,1.750410556793213,0,True,-999,-999,-1
0.1,0.0,0.3107072036936186,0.32457160831798,-72.0,76.0,0.0,0.0,1.7573566436767578,0,True,-999,-999,-1
0.1,0.0,0.3185021754139414,0.34796153532133633,-72.0,76.0,0.0,0.0,1.7643587589263916,0,True,-999,-999,-1
0.1,0.0,0.34818235150392346,0.34317014016355785,-72.0,76.0,0.0,0.0,1.7712554931640625,0,True,-999,-999,-1
0.1,0.0,0.3521354373384453,0.33936765474592906,-72.0,76.0,0.0,0.0,1.7782225608825684,0,True,-999,-999,-1
0.1,0.0,0.35267592876725773,0.2657645621526225,-72.0,76.0,0.0,0.0,1.7851500511169434,0,True,-999,-999,-1
0.1,0.0,0.31944289000623427,0.2676857333124641,-72.0,76.0,0.0,0.0,1.792088270187378,0,True,-999,-999,-1
0.1,0.0,0.3330765036025286,0.1841892174158222,-72.0,76.0,0.0,0.0,1.7990508079528809,0,True,-999,-999,-1
0.1,0.0,0.39634653120984653,0.19873957539805923,-72.0,76.0,0.0,0.0,1.8059756755828857,0,True,-999,-999,-1
0.1,0.0,0.44615888986161034,0.17423857396466141,-72.0,76.0,0.0,0.0,1.8129217624664307,0,True,-999,-999,-1
0.1,0.0,0.4583187614487575,0.20564633958837275,-72.0,76.0,0.0,0.0,1.81990647315979,0,True,-999,-999,-1
0.1,0.0,0.4372765663791104,0.20348193607683723,-72.0,76.0,0.0,0.0,1.8268446922302246,0,True,-999,-999,-1
0.1,0.0,0.45942921787297164,0.2044510994054538,-72.0,76.0,0.0,0.0,1.8338100910186768,0,True,-999,-999,-1
0.1,0.0,0.5142906326006641,0.1670738995711285,-72.0,76.0,0.0,0.0,1.8407566547393799,0,True,-999,-999,-1
0.1,0.0,0.5460326163480739,0.19438381158049894,-72.0,76.0,0.0,0.0,1.8476803302764893,0,True,-999,-999,-1
0.1,0.0,0.5343790706456467,0.1863224129587341,-72.0,76.0,0.0,0.0,1.8545706272125244,0,True,-999,-999,-1
0.1,0.0,0.5868654693277914,0.15912583141192388,-72.0,76.0,0.0,0.0,1.8615593910217285,0,True,-999,-999,-1
0.1,0.0,0.583293433407214,0.1895006609599078,-72.0,76.0,0.0,0.0,1.86855149269104,0,True,-999,-999,-1
0.1,0.0,0.5336337254506182,0.21049509744143452,-72.0,76.0,0.0,0.0,1.8754544258117676,0,True,-999,-999,-1
0.1,0.0,0.4308050595482795,0.23263013202592198,-72.0,76.0,0.0,0.0,1.882721185684204,0,True,-999,-999,-1
0.1,0.0,0.4892969135455222,0.2438247885356019,-72.0,76.0,0.0,0.0,1.8887972831726074,0,True,-999,-999,-1
0.1,0.0,0.4157131194955126,0.21113048086556202,-72.0,76.0,0.0,0.0,1.8963501453399658,0,True,-999,-999,-1
0.1,0.0,0.42826096910762834,0.21661606625713162,-72.0,76.0,0.0,0.0,1.9024701118469238,0,True,-999,-999,-1
0.1,0.0,0.4190691035074237,0.2727692921280366,-72.0,76.0,0.0,0.0,1.9101660251617432,0,True,-999,-999,-1
0.1,0.0,0.38731563815981496,0.3581010039021878,-72.0,76.0,0.0,0.0,1.9171411991119385,0,True,-999,-999,-1
0.1,0.0,0.4217191844311434,0.32198304010402823,-72.0,76.0,0.0,0.0,1.9241137504577637,0,True,-999,-999,-1
0.1,0.0,0.4598200043492712,0.3283211030248643,-72.0,76.0,0.0,0.0,1.9309816360473633,0,True,-999,-999,-1
0.1,0.0,0.45785215700780413,0.28863755099637645,-72.0,76.0,0.0,0.0,1.9379541873931885,0,True,-999,-999,-1
0.1,0.0,0.4641285158437748,0.3845546230712084,-72.0,76.0,0.0,0.0,1.9448745250701904,0,True,-999,-999,-1
0.1,0.0,0.4366910095645541,0.3897167263373805,-72.0,76.0,0.0,0.0,1.951859951019287,0,True,-999,-999,-1
0.1,0.0,0.47821871585167536,0.3454956200829022,-72.0,76.0,0.0,0.0,1.9589788913726807,0,True,-999,-999,-1
0.1,0.0,0.5164159038822697,0.4239996303678282,-72.0,78.0,0.0,0.0,1.9648809432983398,0,True,-999,-999,-1
0.1,0.0,0.540655810622543,0.43757323028431266,-72.0,79.0,0.0,0.0,1.971822738647461,0,True,-999,-999,-1
0.1,0.0,0.5761965007553267,0.45918390684042204,-72.0,80.0,0.0,0.0,1.9789237976074219,0,True,-999,-999,-1
0.1,0.0,0.607598897786436,0.49548277707835386,-73.0,82.0,0.0,0.0,1.9859285354614258,0,True,-999,-999,-1
0.1,0.0,0.6117039212354858,0.4838808888281163,-73.0,82.0,0.0,0.0,1.9929420948028564,0,True,-999,-999,-1
0.1,0.0,0.5726841592927052,0.5484875417929913,-73.0,83.0,0.0,0.0,1.9999792575836182,0,True,-999,-999,-1
0.1,0.0,0.5621489435525491,0.5172441230268494,-73.0,84.0,0.0,0.0,2.0073134899139404,0,True,-999,-999,-1
0.1,0.0,0.5206049464463586,0.4965912197584583,-73.0,84.0,0.0,0.0,2.014314889907837,0,True,-999,-999,-1
0.1,0.0,0.544443369725069,0.5279090968935536,-73.0,84.0,0.0,0.0,2.0212645530700684,0,True,-999,-999,-1
0.1,0.0,0.5585957187338388,0.583652295160939,-73.0,84.0,0.0,0.0,2.0282442569732666,0,True,-999,-999,-1
0.1,0.0,0.6072467269713869,0.593357564154487,-73.0,84.0,0.0,0.0,2.0352373123168945,0,True,-999,-999,-1
0.1,0.0,0.5933276002816451,0.4934371472986854,-73.0,84.0,0.0,0.0,2.0419397354125977,0,True,-999,-999,-1
0.1,0.0,0.6056891609720485,0.536249227712518,-73.0,84.0,0.0,0.0,2.0490901470184326,0,True,-999,-999,-1
0.1,0.0,0.5605166097494336,0.5007353605603881,-73.0,84.0,0.0,0.0,2.05609130859375,0,True,-999,-999,-1
0.1,0.0,0.5028493290908365,0.49158192087325664,-72.0,84.0,0.0,0.0,2.0629806518554688,0,True,-999,-999,-1
0.1,0.0,0.4524784459504451,0.4694544825274394,-72.0,84.0,0.0,0.0,2.069934606552124,0,True,-999,-999,-1
0.1,0.0,0.4406959497884813,0.44642887206003024,-72.0,85.0,0.0,0.0,2.076820135116577,0,True,-999,-999,-1
0.1,0.0,0.45099278690026157,0.4139094277413674,-74.0,86.0,0.0,0.0,2.083811044692993,0,True,-999,-999,-1
0.1,0.0,0.4529728745643224,0.4179312238667635,-78.0,88.0,0.0,0.0,2.0908069610595703,0,True,-999,-999,-1
0.1,0.0,0.48243453032272743,0.36618794015032025,-82.0,90.0,0.0,0.0,2.0978097915649414,0,True,-999,-999,-1
0.1,0.0,0.39981007238008404,0.376569089352406,-87.0,91.0,0.0,0.0,2.1048152446746826,0,True,-999,-999,-1
0.1,0.0,0.4228580396741739,0.3884800607353748,-91.0,92.0,0.0,0.0,2.110849618911743,0,True,-999,-999,-1
0.1,0.0,0.365935376093388,0.3751252759360922,-95.0,94.0,0.0,0.0,2.1178112030029297,0,True,-999,-999,-1
0.1,0.0,0.38972574924202175,0.40123869974168036,-99.0,95.0,0.0,0.0,2.1247994899749756,0,True,-999,-999,-1
0.1,0.0,0.42113351663386756,0.4504989894104622,-103.0,95.0,0.0,0.0,2.1318047046661377,0,True,-999,-999,-1
0.1,0.0,0.41959896900305516,0.4533328558708161,-106.0,96.0,0.0,0.0,2.1388018131256104,0,True,-999,-999,-1
0.1,0.0,0.4175672945339478,0.4255670655789212,-110.0,96.0,0.0,0.0,2.145793914794922,0,True,-999,-999,-1
0.1,0.0,0.3613073341656069,0.5233403088741175,-113.0,96.0,0.0,0.0,2.1527929306030273,0,True,-999,-999,-1
0.1,0.0,0.35043546086394994,0.5719815275231982,-117.0,97.0,0.0,0.0,2.1597933769226074,0,True,-999,-999,-1
0.1,0.0,0.3720214748360782,0.5116396152712664,-122.0,97.0,0.0,0.0,2.1667826175689697,0,True,-999,-999,-1
0.1,0.0,0.41683349837724903,0.5374193277402083,-127.0,97.0,0.0,0.0,2.173799991607666,0,True,-999,-999,-1
0.1,0.0,0.3984754235874719,0.592424810634299,-135.0,97.0,0.0,0.0,2.180795192718506,0,True,-999,-999,-1
0.1,0.0,0.3798516474772038,0.6076754920740699,-144.0,98.0,0.0,0.0,2.1878128051757812,0,True,-999,-999,-1
0.1,0.0,0.38273374649950365,0.6204231183578475,-154.0,98.0,0.0,0.0,2.1952016353607178,0,True,-999,-999,-1
0.1,0.0,0.3862428185804243,0.6382528646608228,-169.0,99.0,0.0,0.0,2.202197551727295,0,True,-999,-999,-1
0.1,0.0,0.42106453507805536,0.626601175658319,-186.0,99.0,0.0,0.0,2.2078495025634766,0,True,-999,-999,-1
0.1,0.0,0.3497870160893096,0.6032888735375243,-195.0,99.0,0.0,0.0,2.214801549911499,0,True,-999,-999,-1
0.1,0.0,0.38988703594899576,0.64369076964226,-214.0,100.0,0.0,0.0,2.221799612045288,0,True,-999,-999,-1
0.1,0.0,0.404912663224851,0.5548120195967075,-232.0,100.0,0.0,0.0,2.2288124561309814,0,True,-999,-999,-1
0.1,0.0,0.4177816102373837,0.5711556062701387,-250.0,101.0,0.0,0.0,2.235797166824341,0,True,-999,-999,-1
0.1,0.0,0.4092662185519488,0.5723421739111859,-265.0,102.0,0.0,0.0,2.242799758911133,0,True,-999,-999,-1
0.1,0.0,0.4176093862976057,0.6397057709891864,-283.0,102.0,0.0,0.0,2.2497920989990234,0,True,-999,-999,-1
0.1,0.0,0.4049132606444899,0.6613397026208131,-294.0,102.0,0.0,0.0,2.256789445877075,0,True,-999,-999,-1
0.1,0.0,0.4202174141675827,0.6992887737854735,-308.0,102.0,0.0,0.0,2.263803482055664,0,True,-999,-999,-1
0.1,0.0,0.3919306105484266,0.6589816954907981,-317.0,102.0,0.0,0.0,2.2708070278167725,0,True,-999,-999,-1
0.1,0.0,0.38870251630573543,0.6745635427801041,-327.0,102.0,0.0,0.0,2.2778191566467285,0,True,-999,-999,-1
0.1,0.0,0.39420107686338457,0.6999256431612255,-334.0,102.0,0.0,0.0,2.2848026752471924,0,True,-999,-999,-1
0.1,0.0,0.42722797032567783,0.7405833000507857,-341.0,102.0,0.0,0.0,2.291801691055298,0,True,-999,-999,-1
0.1,0.0,0.43715959054106557,0.7081607662467111,-346.0,101.0,0.0,0.0,2.298819065093994,0,True,-999,-999,-1
0.1,0.0,0.47520383223345575,0.6524964953266573,-350.0,101.0,0.0,0.0,2.3058009147644043,0,True,-999,-999,-1
0.1,0.0,0.48779476985736886,0.6414612723902773,-353.0,100.0,0.0,0.0,2.312915563583374,0,True,-999,-999,-1
0.1,0.0,0.47683525082679284,0.6988570532433668,-355.0,99.0,0.0,0.0,2.3199284076690674,0,True,-999,-999,-1
0.1,0.0,0.4392011239444499,0.7553364959279101,-356.0,99.0,0.0,0.0,2.3268094062805176,0,True,-999,-999,-1
0.1,0.0,0.43746388329528957,0.7969104235389015,-356.0,98.0,0.0,0.0,2.333949327468872,0,True,-999,-999,-1
0.1,0.0,0.4031255278546261,0.8316667939033957,-356.0,98.0,0.0,0.0,2.3409547805786133,0,True,-999,-999,-1
0.1,0.0,0.4034235135740866,0.929917605078545,-356.0,98.0,0.0,0.0,2.3478143215179443,0,True,-999,-999,-1
0.1,0.0,0.46989242827413713,0.9390220382377241,-355.0,96.0,0.0,0.0,2.35481595993042,0,True,-999,-999,-1
0.1,0.0,0.41330520776452034,0.9270795520921554,-352.0,94.0,0.0,0.0,2.361802101135254,0,True,-999,-999,-1
0.1,0.0,0.41160473789907553,0.8692665875244956,-349.0,91.0,0.0,0.0,2.3678393363952637,0,True,-999,-999,-1
0.1,0.0,0.44870819571911075,0.815819473033186,-344.0,89.0,0.0,0.0,2.374791145324707,0,True,-999,-999,-1
0.1,0.0,0.360286908159712,0.7829117446549066,-338.0,86.0,0.0,0.0,2.3817925453186035,0,True,-999,-999,-1
0.1,0.0,0.33546315771141655,0.7460189018168107,-330.0,83.0,0.0,0.0,2.388814926147461,0,True,-999,-999,-1
0.1,0.0,0.3135430678070071,0.7357290703015971,-319.0,78.0,0.0,0.0,2.395780324935913,0,True,-999,-999,-1
0.1,0.0,0.27836967360891884,0.7249813986780373,-310.0,75.0,0.0,0.0,2.4028027057647705,0,True,-999,-999,-1
0.1,0.0,0.24440006932424269,0.6966683031338872,-294.0,71.0,0.0,0.0,2.409801483154297,0,True,-999,-999,-1
0.1,0.0,0.2717086403791603,0.6302818077297374,-282.0,68.0,0.0,0.0,2.4167940616607666,0,True,-999,-999,-1
0.1,0.0,0.19126183023048066,0.5479940308345884,-264.0,65.0,0.0,0.0,2.4238040447235107,0,True,-999,-999,-1
0.1,0.0,0.1732251828198045,0.5427856152385127,-248.0,63.0,0.0,0.0,2.4308090209960938,0,True,-999,-999,-1
0.1,0.0,0.20740813850006334,0.6046300071808566,-232.0,61.0,0.0,0.0,2.437800407409668,0,True,-999,-999,-1
0.1,0.0,0.22467226075442026,0.5883539366252608,-214.0,60.0,0.0,0.0,2.444795846939087,0,True,-999,-999,-1
0.1,0.0,0.2171579992221767,0.5862750274375453,-195.0,58.0,0.0,0.0,2.4517579078674316,0,True,-999,-999,-1
0.1,0.0,0.21233100124808346,0.5493692217849189,-179.0,58.0,0.0,0.0,2.4587786197662354,0,True,-999,-999,-1
0.1,0.0,0.13835397281270873,0.5302800075599653,-164.0,58.0,0.0,0.0,2.4661948680877686,0,True,-999,-999,-1
0.1,0.0,0.10154791367566057,0.5231238782243047,-143.0,58.0,0.0,0.0,2.4717955589294434,0,True,-999,-999,-1
0.1,0.0,0.1177527437565545,0.5439056841459096,-133.0,58.0,0.0,0.0,2.4787979125976562,0,True,-999,-999,-1
0.1,0.0,0.05306360246345901,0.5495390414060595,-121.0,58.0,0.0,0.0,2.485785722732544,0,True,-999,-999,-1
0.1,0.0,0.053724891337640815,0.612102627376639,-108.0,58.0,0.0,0.0,2.4932000637054443,0,True,-999,-999,-1
0.1,0.0,0.013376902928320777,0.586601237058239,-98.0,59.0,0.0,0.0,2.50020432472229,0,True,-999,-999,-1
0.1,0.0,0.006170299042107507,0.678276655994882,-90.0,60.0,0.0,0.0,2.507185220718384,0,True,-999,-999,-1
0.1,0.0,-0.006818870690320731,0.6313347264778293,-83.0,61.0,0.0,0.0,2.513796091079712,0,True,-999,-999,-1
0.1,0.0,0.06847577983506221,0.6291488371202015,-79.0,62.0,0.0,0.0,2.520786762237549,0,True,-999,-999,-1
0.1,0.0,0.12576414482683024,0.5818187419919734,-77.0,63.0,0.0,0.0,2.5280113220214844,0,True,-999,-999,-1
0.1,0.0,0.09172797695410975,0.559847483483336,-76.0,64.0,0.0,0.0,2.5351085662841797,0,True,-999,-999,-1
0.1,0.0,0.08616798827441347,0.5614991634229157,-76.0,64.0,0.0,0.0,2.5419602394104004,0,True,-999,-999,-1
0.1,0.0,0.11628953904936637,0.5781090184481994,-76.0,64.0,0.0,0.0,2.548811674118042,0,True,-999,-999,-1
0.1,0.0,0.14390051634065662,0.534580899614028,-77.0,64.0,0.0,0.0,2.5559380054473877,0,True,-999,-999,-1
0.1,0.0,0.12830498637087506,0.5556822627565217,-77.0,64.0,0.0,0.0,2.562919855117798,0,True,-999,-999,-1
0.1,0.0,0.21210554263389142,0.5300640924078779,-78.0,64.0,0.0,0.0,2.569816827774048,0,True,-999,-999,-1
0.1,0.0,0.12393576774705767,0.580403743198489,-82.0,67.0,0.0,0.0,2.5763120651245117,0,True,-999,-999,-1
0.1,0.0,0.11795961476478928,0.6108368361754648,-90.0,71.0,0.0,0.0,2.5831992626190186,0,True,-999,-999,-1
0.1,0.0,0.0860938920772403,0.5417285797564355,-104.0,78.0,0.0,0.0,2.5897955894470215,0,True,-999,-999,-1
0.1,0.0,0.11718540865642568,0.5299848921248878,-127.0,85.0,0.0,0.0,2.596794843673706,0,True,-999,-999,-1
0.1,0.0,0.11379023537330131,0.5565295320766799,-151.0,92.0,0.0,0.0,2.6037938594818115,0,True,-999,-999,-1
0.1,0.0,0.14669690169990468,0.5352733619816868,-186.0,99.0,0.0,0.0,2.610783576965332,0,True,-999,-999,-1
0.1,0.0,0.18724127663001627,0.49376124416792266,-224.0,106.0,0.0,0.0,2.618197202682495,0,True,-999,-999,-1
0.1,0.0,0.16815598513590826,0.48804904902457835,-266.0,113.0,0.0,0.0,2.6247928142547607,0,True,-999,-999,-1
0.1,0.0,0.13763250260385634,0.5024535401173422,-305.0,119.0,0.0,0.0,2.631788730621338,0,True,-999,-999,-1
0.1,0.0,0.188868158664642,0.4953163563569514,-350.0,124.0,0.0,0.0,2.6387948989868164,0,True,-999,-999,-1
0.1,0.0,0.1776191722194032,0.5573011853177019,-387.0,129.0,0.0,0.0,2.645803689956665,0,True,-999,-999,-1
0.1,0.0,0.1805935053753382,0.598239530647903,-432.0,133.0,0.0,0.0,2.6528117656707764,0,True,-999,-999,-1
0.1,0.0,0.16125904814145617,0.6469863072812093,-469.0,137.0,0.0,0.0,2.659820079803467,0,True,-999,-999,-1
0.1,0.0,0.17687358319057955,0.6877034472054292,-513.0,140.0,0.0,0.0,2.666792392730713,0,True,-999,-999,-1
0.1,0.0,0.13626264890684642,0.7186758841242566,-546.0,143.0,0.0,0.0,2.673790216445923,0,True,-999,-999,-1
0.1,0.0,0.1556869812159755,0.7467821750220061,-584.0,145.0,0.0,0.0,2.6807897090911865,0,True,-999,-999,-1
0.1,0.0,0.1273477314212664,0.7076348525206125,-623.0,146.0,0.0,0.0,2.6877853870391846,0,True,-999,-999,-1
0.1,0.0,0.18543661691981972,0.7810905737452571,-653.0,146.0,0.0,0.0,2.695187568664551,0,True,-999,-999,-1
0.1,0.0,0.16610830125550746,0.7605089670761083,-691.0,146.0,0.0,0.0,2.702183961868286,0,True,-999,-999,-1
0.1,0.0,0.19944777678100625,0.7500931591950998,-721.0,146.0,0.0,0.0,2.7088096141815186,0,True,-999,-999,-1
0.1,0.0,0.16775660963859337,0.6899279922483164,-749.0,145.0,0.0,0.0,2.7147958278656006,0,True,-999,-999,-1
0.1,0.0,0.12582124170852513,0.6732218906270873,-770.0,143.0,0.0,0.0,2.7217934131622314,0,True,-999,-999,-1
0.1,0.0,0.1213084046527649,0.6264488889926627,-797.0,141.0,0.0,0.0,2.729203462600708,0,True,-999,-999,-1
0.1,0.0,0.20612865624591378,0.5869461264162088,-821.0,139.0,0.0,0.0,2.736187219619751,0,True,-999,-999,-1
0.1,0.0,0.26901703577285285,0.6329152358250709,-841.0,137.0,0.0,0.0,2.7427845001220703,0,True,-999,-999,-1
0.1,0.0,0.28907130373465595,0.5969141511995137,-860.0,135.0,0.0,0.0,2.749798059463501,0,True,-999,-999,-1
0.1,0.0,0.2662390645488685,0.5831994419820615,-872.0,134.0,0.0,0.0,2.756800413131714,0,True,-999,-999,-1
0.1,0.0,0.2385985179894868,0.5520040566950261,-884.0,132.0,0.0,0.0,2.7637887001037598,0,True,-999,-999,-1
0.1,0.0,0.24211801133125882,0.5789285824774464,-891.0,130.0,0.0,0.0,2.770798683166504,0,True,-999,-999,-1
0.1,0.0,0.28172300939638284,0.4945980028507335,-896.0,127.0,0.0,0.0,2.7779221534729004,0,True,-999,-999,-1
0.1,0.0,0.24473925854612982,0.432387510079427,-899.0,125.0,0.0,0.0,2.784797191619873,0,True,-999,-999,-1
0.1,0.0,0.2520061992383966,0.4775259562767219,-899.0,123.0,0.0,0.0,2.791808843612671,0,True,-999,-999,-1
0.1,0.0,0.298700505789889,0.44827345641053634,-897.0,121.0,0.0,0.0,2.798807144165039,0,True,-999,-999,-1
0.1,0.0,0.30119029379907036,0.4117573501648769,-895.0,118.0,0.0,0.0,2.8057570457458496,0,True,-999,-999,-1
0.1,0.0,0.2997368607562261,0.5085241589385467,-891.0,116.0,0.0,0.0,2.813199758529663,0,True,-999,-999,-1
0.1,0.0,0.26634985712495396,0.46202541364204586,-885.0,112.0,0.0,0.0,2.8198039531707764,0,True,-999,-999,-1
0.1,0.0,0.2822945696846356,0.43066634689438504,-879.0,110.0,0.0,0.0,2.826260805130005,0,True,-999,-999,-1
0.1,0.0,0.329873340920933,0.3936364788804776,-870.0,106.0,0.0,0.0,2.833787202835083,0,True,-999,-999,-1
0.1,0.0,0.32542920628816424,0.3671887542654647,-861.0,103.0,0.0,0.0,2.839789867401123,0,True,-999,-999,-1
0.1,0.0,0.3540734953091116,0.3837533021483713,-852.0,100.0,0.0,0.0,2.8468008041381836,0,True,-999,-999,-1
0.1,0.0,0.31784232831653336,0.3937448403305834,-842.0,97.0,0.0,0.0,2.853801727294922,0,True,-999,-999,-1
0.1,0.0,0.2979036369528659,0.40822216381964116,-828.0,94.0,0.0,0.0,2.860787868499756,0,True,-999,-999,-1
0.1,0.0,0.31898578562666335,0.41145356918861464,-815.0,91.0,0.0,0.0,2.867784023284912,0,True,-999,-999,-1
0.1,0.0,0.26273739214845787,0.4361162527797676,-797.0,87.0,0.0,0.0,2.8747963905334473,0,True,-999,-999,-1
0.1,0.0,0.3193263163466518,0.4133571033121761,-777.0,84.0,0.0,0.0,2.88179349899292,0,True,-999,-999,-1
0.1,0.0,0.27529402745786163,0.4057236260718819,-756.0,80.0,0.0,0.0,2.888801097869873,0,True,-999,-999,-1
0.1,0.0,0.269719198738758,0.46411177680302396,-736.0,78.0,0.0,0.0,2.8957865238189697,0,True,-999,-999,-1
0.1,0.0,0.27155510197333116,0.5465403098935068,-710.0,75.0,0.0,0.0,2.902787208557129,0,True,-999,-999,-1
0.1,0.0,0.2888542475518067,0.6022837494904484,-683.0,73.0,0.0,0.0,2.909923791885376,0,True,-999,-999,-1
0.1,0.0,0.23554156007865001,0.6439979989050704,-652.0,70.0,0.0,0.0,2.9167957305908203,0,True,-999,-999,-1
0.1,0.0,0.20541294408800653,0.6656844889626112,-625.0,68.0,0.0,0.0,2.924199342727661,0,True,-999,-999,-1
0.1,0.0,0.2512707487383636,0.6469433803373827,-595.0,66.0,0.0,0.0,2.9311861991882324,0,True,-999,-999,-1
0.1,0.0,0.20082999790713082,0.6800009601784617,-567.0,65.0,0.0,0.0,2.937998056411743,0,True,-999,-999,-1
0.1,0.0,0.2140520243058352,0.6893470891808668,-542.0,65.0,0.0,0.0,2.9447851181030273,0,True,-999,-999,-1
0.1,0.0,0.14632610721114545,0.6227834985655534,-526.0,64.0,0.0,0.0,2.9517993927001953,0,True,-999,-999,-1
0.1,0.0,0.18637320044901945,0.6392541430779504,-508.0,64.0,0.0,0.0,2.958799362182617,0,True,-999,-999,-1
0.1,0.0,0.1547371564248349,0.6769493598274575,-495.0,65.0,0.0,0.0,2.96484375,0,True,-999,-999,-1
0.1,0.0,0.1631439451111675,0.6519237252362221,-484.0,66.0,0.0,0.0,2.9717867374420166,0,True,-999,-999,-1
0.1,0.0,0.17464537293218732,0.5997191746134527,-473.0,70.0,0.0,0.0,2.9787895679473877,0,True,-999,-999,-1
0.1,0.0,0.15392707037457048,0.6135344616669928,-465.0,73.0,0.0,0.0,2.9857876300811768,0,True,-999,-999,-1
0.1,0.0,0.13136969593358044,0.6049362421310703,-459.0,77.0,0.0,0.0,2.992793083190918,0,True,-999,-999,-1
0.1,0.0,0.106179214548826,0.5883618721349714,-455.0,81.0,0.0,0.0,2.9998059272766113,0,True,-999,-999,-1
0.1,0.0,0.04643372428266165,0.5860658854611653,-453.0,86.0,0.0,0.0,3.0068023204803467,0,True,-999,-999,-1
0.1,0.0,0.049561359665154306,0.5454184056445607,-451.0,90.0,0.0,0.0,3.0138020515441895,0,True,-999,-999,-1
0.1,0.0,0.02312933873923725,0.5107961955419583,-449.0,94.0,0.0,0.0,3.0207903385162354,0,True,-999,-999,-1
0.1,0.0,0.045438542691687775,0.5102049933649241,-449.0,96.0,0.0,0.0,3.027789831161499,0,True,-999,-999,-1
0.1,0.0,-0.0347205726775021,0.5285677891103159,-448.0,99.0,0.0,0.0,3.0349154472351074,0,True,-999,-999,-1
0.1,0.0,-0.11252126483928605,0.5752386016601257,-447.0,101.0,0.0,0.0,3.041903257369995,0,True,-999,-999,-1
0.1,0.0,-0.06515934060040526,0.48093870841420144,-447.0,103.0,0.0,0.0,3.048804521560669,0,True,-999,-999,-1
0.1,0.0,-0.011845963047384125,0.49489566689816866,-448.0,106.0,0.0,0.0,3.0558056831359863,0,True,-999,-999,-1
0.1,0.0,-0.007907440905166381,0.5219108405223498,-450.0,111.0,0.0,0.0,3.0627877712249756,0,True,-999,-999,-1
0.1,0.0,0.013630014340150945,0.4881278220049632,-454.0,115.0,0.0,0.0,3.0697896480560303,0,True,-999,-999,-1
0.1,0.0,-0.0042639887050194905,0.5160955508596314,-460.0,119.0,0.0,0.0,3.076812744140625,0,True,-999,-999,-1
0.1,0.0,-0.04088778595789055,0.5617269775697843,-468.0,122.0,0.0,0.0,3.0838191509246826,0,True,-999,-999,-1
0.1,0.0,-0.06320838652824905,0.5081311416288149,-483.0,127.0,0.0,0.0,3.0908091068267822,0,True,-999,-999,-1
0.1,0.0,0.001273196174146049,0.5620417487520095,-501.0,130.0,0.0,0.0,3.0977866649627686,0,True,-999,-999,-1
0.1,0.0,0.017857708083978706,0.5766777037050201,-520.0,132.0,0.0,0.0,3.1047797203063965,0,True,-999,-999,-1
0.1,0.0,0.038479650881351184,0.6612106666427396,-541.0,133.0,0.0,0.0,3.1117873191833496,0,True,-999,-999,-1
0.1,0.0,-0.03067668706495471,0.671568780481301,-567.0,133.0,0.0,0.0,3.1187970638275146,0,True,-999,-999,-1
0.1,0.0,0.005635803667550371,0.7082382365033651,-594.0,133.0,0.0,0.0,3.124786376953125,0,True,-999,-999,-1
0.1,0.0,0.018538641729755702,0.7039789816538923,-612.0,133.0,0.0,0.0,3.131784200668335,0,True,-999,-999,-1
0.1,0.0,-0.017707356171598042,0.7043004293505122,-636.0,132.0,0.0,0.0,3.1387884616851807,0,True,-999,-999,-1
0.1,0.0,0.015537701981637238,0.7026615152121687,-653.0,130.0,0.0,0.0,3.145775079727173,0,True,-999,-999,-1
0.1,0.0,0.02451757006916607,0.6808684620423566,-668.0,128.0,0.0,0.0,3.1527950763702393,0,True,-999,-999,-1
0.1,0.0,0.04983252960846238,0.6609445248912926,-683.0,125.0,0.0,0.0,3.159810781478882,0,True,-999,-999,-1
0.1,0.0,0.03107864849750547,0.7319095010040026,-693.0,122.0,0.0,0.0,3.166802406311035,0,True,-999,-999,-1
0.1,0.0,-0.003070889707903101,0.6429582528364656,-706.0,117.0,0.0,0.0,3.173799514770508,0,True,-999,-999,-1
0.1,0.0,0.03224523146052727,0.634263165718787,-715.0,114.0,0.0,0.0,3.1808083057403564,0,True,-999,-999,-1
0.1,0.0,0.034378963368001746,0.5686344738711001,-723.0,111.0,0.0,0.0,3.18780255317688,0,True,-999,-999,-1
0.1,0.0,0.07406323860400899,0.6866840844598866,-730.0,109.0,0.0,0.0,3.1947991847991943,0,True,-999,-999,-1
0.1,0.0,0.1285919157090294,0.6690889692095355,-738.0,106.0,0.0,0.0,3.2021756172180176,0,True,-999,-999,-1
0.1,0.0,0.09186967945573926,0.7493103599801934,-744.0,103.0,0.0,0.0,3.208789348602295,0,True,-999,-999,-1
0.1,0.0,0.16055103201404175,0.8223192143063839,-749.0,99.0,0.0,0.0,3.214834213256836,0,True,-999,-999,-1
0.1,0.0,0.12896144306142499,0.8661643492185184,-752.0,97.0,0.0,0.0,3.2217888832092285,0,True,-999,-999,-1
0.1,0.0,0.06861026478521759,0.868414525315704,-754.0,93.0,0.0,0.0,3.229198455810547,0,True,-999,-999,-1
0.1,0.0,0.016247390414096723,0.9044391358944174,-755.0,90.0,0.0,0.0,3.2361860275268555,0,True,-999,-999,-1
0.1,0.0,0.11489147568489336,0.8915812586211604,-755.0,85.0,0.0,0.0,3.2431869506835938,0,True,-999,-999,-1
0.1,0.0,0.0071169301384527844,0.8265280844591787,-754.0,80.0,0.0,0.0,3.249807834625244,0,True,-999,-999,-1
0.1,0.0,-0.02285589245466941,0.8245469630355068,-752.0,76.0,0.0,0.0,3.2567811012268066,0,True,-999,-999,-1
0.1,0.0,-0.026304249251268168,0.7808525728306728,-748.0,71.0,0.0,0.0,3.2637853622436523,0,True,-999,-999,-1
0.1,0.0,-0.021093747199808797,0.7557265171372832,-743.0,65.0,0.0,0.0,3.270775556564331,0,True,-999,-999,-1
0.1,0.0,0.0076188140732363005,0.6852649049391203,-734.0,57.0,0.0,0.0,3.277815103530884,0,True,-999,-999,-1
0.1,0.0,0.0020999872003103614,0.7718575278202718,-724.0,51.0,0.0,0.0,3.2848000526428223,0,True,-999,-999,-1
0.1,0.0,-0.014171770878423208,0.7161012103067136,-711.0,44.0,0.0,0.0,3.291783094406128,0,True,-999,-999,-1
0.1,0.0,0.027365741808219178,0.7218036434866254,-693.0,37.0,0.0,0.0,3.2987964153289795,0,True,-999,-999,-1
0.1,0.0,0.04773738648564481,0.7317977812879086,-673.0,30.0,0.0,0.0,3.3058090209960938,0,True,-999,-999,-1
0.1,0.0,-0.009780511234882674,0.7002342505326825,-650.0,24.0,0.0,0.0,3.3128116130828857,0,True,-999,-999,-1
0.1,0.0,-0.045787998444309454,0.7359189268306864,-624.0,20.0,0.0,0.0,3.3197975158691406,0,True,-999,-999,-1
0.1,0.0,-0.05736712365819456,0.725776564260871,-596.0,17.0,0.0,0.0,3.3267812728881836,0,True,-999,-999,-1
0.1,0.0,-0.03125669239875686,0.7315542707288553,-571.0,17.0,0.0,0.0,3.333798885345459,0,True,-999,-999,-1
0.1,0.0,0.01538175163603027,0.773502584993167,-543.0,17.0,0.0,0.0,3.3398356437683105,0,True,-999,-999,-1
0.1,0.0,-0.001182557006628792,0.6646053678768542,-524.0,17.0,0.0,0.0,3.3467843532562256,0,True,-999,-999,-1
0.1,0.0,0.007371613539464285,0.6093578707376183,-500.0,19.0,0.0,0.0,3.353799819946289,0,True,-999,-999,-1
0.1,0.0,0.012545082370208472,0.6257576017931317,-481.0,21.0,0.0,0.0,3.361797571182251,0,True,-999,-999,-1
0.1,0.0,0.008853279430077306,0.61736456733084,-465.0,24.0,0.0,0.0,3.3687918186187744,0,True,-999,-999,-1
0.1,0.0,0.049608588893476836,0.6280693789619435,-455.0,27.0,0.0,0.0,3.3748366832733154,0,True,-999,-999,-1
0.1,0.0,0.010909734343865767,0.5324986341926876,-447.0,29.0,0.0,0.0,3.38179087638855,0,True,-999,-999,-1
0.1,0.0,0.05713325051656832,0.6063761215003327,-439.0,32.0,0.0,0.0,3.3887977600097656,0,True,-999,-999,-1
0.1,0.0,0.03797480582300778,0.6057893765423055,-433.0,33.0,0.0,0.0,3.3958048820495605,0,True,-999,-999,-1
0.1,0.0,0.03761510809898296,0.6148058490108003,-428.0,35.0,0.0,0.0,3.402904748916626,0,True,-999,-999,-1
0.1,0.0,0.026523409748816743,0.5693754090536188,-423.0,36.0,0.0,0.0,3.4097886085510254,0,True,-999,-999,-1
0.1,0.0,0.01850006446372362,0.593555481688359,-419.0,38.0,0.0,0.0,3.4168031215667725,0,True,-999,-999,-1
0.1,0.0,0.016232840443389424,0.6698684250851632,-415.0,39.0,0.0,0.0,3.423790454864502,0,True,-999,-999,-1
0.1,0.0,0.08159778864706842,0.69739533520115,-411.0,41.0,0.0,0.0,3.4310357570648193,0,True,-999,-999,-1
0.1,0.0,0.11141638019882937,0.6679036712754974,-407.0,43.0,0.0,0.0,3.4380130767822266,0,True,-999,-999,-1
0.1,0.0,0.07743993757323425,0.5845365719604203,-403.0,45.0,0.0,0.0,3.444814920425415,0,True,-999,-999,-1
0.1,0.0,0.06386934293843959,0.5647471821991129,-401.0,47.0,0.0,0.0,3.451796531677246,0,True,-999,-999,-1
0.1,0.0,0.1110142371922539,0.5747771339292304,-399.0,50.0,0.0,0.0,3.458242177963257,0,True,-999,-999,-1
0.1,0.0,0.0755730522258671,0.6016513548663912,-397.0,51.0,0.0,0.0,3.465808391571045,0,True,-999,-999,-1
0.1,0.0,0.06021260413910469,0.6262430049497257,-396.0,54.0,0.0,0.0,3.471827983856201,0,True,-999,-999,-1
0.1,0.0,0.02246013110794963,0.5969134943295322,-396.0,56.0,0.0,0.0,3.4789061546325684,0,True,-999,-999,-1
0.1,0.0,-0.015788932909838592,0.5096306124221333,-396.0,58.0,0.0,0.0,3.485813617706299,0,True,-999,-999,-1
0.1,0.0,0.09056076046332934,0.5095438321340884,-396.0,60.0,0.0,0.0,3.49280047416687,0,True,-999,-999,-1
0.1,0.0,0.0543945871220204,0.5868863551895145,-397.0,62.0,0.0,0.0,3.49991512298584,0,True,-999,-999,-1
0.1,0.0,0.08498851974204394,0.5561548622585615,-399.0,65.0,0.0,0.0,3.506800651550293,0,True,-999,-999,-1
0.1,0.0,0.07824531817214046,0.5911669878375949,-401.0,67.0,0.0,0.0,3.5138003826141357,0,True,-999,-999,-1
0.1,0.0,0.10171395902684165,0.6249320590793237,-403.0,69.0,0.0,0.0,3.520909547805786,0,True,-999,-999,-1
0.1,0.0,0.09291694979454083,0.6418421735119388,-405.0,71.0,0.0,0.0,3.5277998447418213,0,True,-999,-999,-1
0.1,0.0,0.036399279879278226,0.6322202234663624,-408.0,73.0,0.0,0.0,3.534796953201294,0,True,-999,-999,-1
0.1,0.0,0.037990778462351306,0.5962087721304951,-410.0,73.0,0.0,0.0,3.541917324066162,0,True,-999,-999,-1
0.1,0.0,0.10012115981514956,0.538584717115179,-411.0,74.0,0.0,0.0,3.549037456512451,0,True,-999,-999,-1
0.1,0.0,0.12047754841363092,0.4508043727905702,-411.0,74.0,0.0,0.0,3.555926561355591,0,True,-999,-999,-1
0.1,0.0,0.04253691599595666,0.42372502902971493,-411.0,74.0,0.0,0.0,3.5629332065582275,0,True,-999,-999,-1
0.1,0.0,0.04787830810524296,0.5030124471053137,-411.0,75.0,0.0,0.0,3.5698325634002686,0,True,-999,-999,-1
0.1,0.0,-0.013664219830199005,0.4510147126380718,-411.0,75.0,0.0,0.0,3.5768041610717773,0,True,-999,-999,-1
0.1,0.0,-0.07590239442620783,0.4527853716641205,-411.0,75.0,0.0,0.0,3.583759069442749,0,True,-999,-999,-1
0.1,0.0,-0.03195779671516809,0.42792126217389637,-411.0,75.0,0.0,0.0,3.5907609462738037,0,True,-999,-999,-1
0.1,0.0,-0.057660512251543866,0.4157823560405519,-411.0,75.0,0.0,0.0,3.5977554321289062,0,True,-999,-999,-1
0.1,0.0,-0.08714905396980893,0.44863899802943136,-411.0,75.0,0.0,0.0,3.604745626449585,0,True,-999,-999,-1
0.1,0.0,0.012632112575825374,0.43389591590983945,-411.0,75.0,0.0,0.0,3.61163592338562,0,True,-999,-999,-1
0.1,0.0,0.01970283157146466,0.4346130166088646,-411.0,75.0,0.0,0.0,3.6186068058013916,0,True,-999,-999,-1
0.1,0.0,0.07603003851856588,0.48190556095010456,-411.0,75.0,0.0,0.0,3.6255781650543213,0,True,-999,-999,-1
0.1,0.0,-0.04009276290269018,0.4535142991464595,-411.0,75.0,0.0,0.0,3.6325080394744873,0,True,-999,-999,-1
0.1,0.0,-0.043608982922719544,0.41553860263729986,-411.0,75.0,0.0,0.0,3.6394500732421875,0,True,-999,-999,-1
0.1,0.0,-0.1129562138027244,0.4089195589511456,-411.0,75.0,0.0,0.0,3.645930051803589,0,True,-999,-999,-1
0.1,0.0,-0.07104760015680277,0.37105036298275984,-413.0,75.0,0.0,0.0,3.65293288230896,0,True,-999,-999,-1
0.1,0.0,-0.08019987347411289,0.3440800953283424,-415.0,75.0,0.0,0.0,3.659818410873413,0,True,-999,-999,-1
0.1,0.0,-0.02823646524365439,0.32536681622035973,-418.0,76.0,0.0,0.0,3.666804790496826,0,True,-999,-999,-1
0.1,0.0,-0.14708250239656495,0.24687266294652235,-421.0,76.0,0.0,0.0,3.673809289932251,0,True,-999,-999,-1
0.1,0.0,-0.10882485953871976,0.23469258599706933,-425.0,76.0,0.0,0.0,3.6807992458343506,0,True,-999,-999,-1
0.1,0.0,-0.09708099013159535,0.3219402826787504,-428.0,77.0,0.0,0.0,3.6878068447113037,0,True,-999,-999,-1
0.1,0.0,-0.08971080456125305,0.30602981023256753,-433.0,77.0,0.0,0.0,3.6948001384735107,0,True,-999,-999,-1
0.1,0.0,-0.1468930806139071,0.3102374635985811,-437.0,78.0,0.0,0.0,3.7021560668945312,0,True,-999,-999,-1
0.1,0.0,-0.19337275235663634,0.3027923952216516,-442.0,79.0,0.0,0.0,3.7087767124176025,0,True,-999,-999,-1
0.1,0.0,-0.15599894087972566,0.23365960691259574,-448.0,80.0,0.0,0.0,3.714836835861206,0,True,-999,-999,-1
0.1,0.0,-0.16427159999931237,0.2130440665324053,-453.0,81.0,0.0,0.0,3.7217695713043213,0,True,-999,-999,-1
0.1,0.0,-0.16332136960867555,0.20844998987014307,-461.0,82.0,0.0,0.0,3.728787899017334,0,True,-999,-999,-1
0.1,0.0,-0.10171975215364051,0.18945809567384753,-468.0,84.0,0.0,0.0,3.7361810207366943,0,True,-999,-999,-1
0.1,0.0,-0.07103029903772334,0.1751172298105551,-479.0,86.0,0.0,0.0,3.7431836128234863,0,True,-999,-999,-1
0.1,0.0,-0.050065911499815485,0.1795260205837717,-487.0,87.0,0.0,0.0,3.7497918605804443,0,True,-999,-999,-1
0.1,0.0,-0.06390632914428344,0.1869085333718307,-494.0,88.0,0.0,0.0,3.7567906379699707,0,True,-999,-999,-1
0.1,0.0,-0.09176974045556646,0.19095268303576943,-503.0,89.0,0.0,0.0,3.763787031173706,0,True,-999,-999,-1
0.1,0.0,-0.1622396987852539,0.17336242936825821,-510.0,90.0,0.0,0.0,3.7707908153533936,0,True,-999,-999,-1
0.1,0.0,-0.16524807696335203,0.12617715288446013,-517.0,91.0,0.0,0.0,3.777801990509033,0,True,-999,-999,-1
0.1,0.0,-0.18376222707923473,0.14996302146585172,-523.0,92.0,0.0,0.0,3.784801959991455,0,True,-999,-999,-1
0.1,0.0,-0.13046576791800402,0.19033404669915652,-529.0,93.0,0.0,0.0,3.791801691055298,0,True,-999,-999,-1
0.1,0.0,-0.12671002880725576,0.20368019399085582,-534.0,93.0,0.0,0.0,3.7987866401672363,0,True,-999,-999,-1
0.1,0.0,-0.11591672859700289,0.15274455389016084,-539.0,94.0,0.0,0.0,3.8058032989501953,0,True,-999,-999,-1
0.1,0.0,-0.13082538380172434,0.1650468740573689,-544.0,94.0,0.0,0.0,3.813185930252075,0,True,-999,-999,-1
0.1,0.0,-0.195620396920854,0.15367013434869287,-548.0,95.0,0.0,0.0,3.8201797008514404,0,True,-999,-999,-1
0.1,0.0,-0.17560509542141536,0.2651805948639142,-553.0,96.0,0.0,0.0,3.827186107635498,0,True,-999,-999,-1
0.1,0.0,-0.1314500098952186,0.30573060753128584,-556.0,96.0,0.0,0.0,3.833786964416504,0,True,-999,-999,-1
0.1,0.0,-0.11966019509551307,0.38133062101352705,-559.0,96.0,0.0,0.0,3.8398277759552,0,True,-999,-999,-1
0.1,0.0,-0.17673430141714108,0.3784560356593552,-560.0,96.0,0.0,0.0,3.8469979763031006,0,True,-999,-999,-1
0.1,0.0,-0.26681446262359476,0.3565384915547912,-562.0,96.0,0.0,0.0,3.854701519012451,0,True,-999,-999,-1
0.1,0.0,-0.26583447390589876,0.3958245085667524,-563.0,96.0,0.0,0.0,3.8616511821746826,0,True,-999,-999,-1
0.1,0.0,-0.2908420366067772,0.35799143946108164,-563.0,96.0,0.0,0.0,3.8680412769317627,0,True,-999,-999,-1
0.1,0.0,-0.24223098307337917,0.3146217537962552,-563.0,96.0,0.0,0.0,3.8755075931549072,0,True,-999,-999,-1
0.1,0.0,-0.2356022423714928,0.22846251622039299,-563.0,96.0,0.0,0.0,3.8824503421783447,0,True,-999,-999,-1
0.1,0.0,-0.24046524903589037,0.2908911973805304,-563.0,96.0,0.0,0.0,3.8894264698028564,0,True,-999,-999,-1
0.1,0.0,-0.25113983809909995,0.3147712801906175,-563.0,96.0,0.0,0.0,3.8963704109191895,0,True,-999,-999,-1
0.1,0.0,-0.22928596827133982,0.32258912912116533,-563.0,96.0,0.0,0.0,3.903496742248535,0,True,-999,-999,-1
0.1,0.0,-0.1456501641922534,0.27809049443840556,-563.0,96.0,0.0,0.0,3.909825086593628,0,True,-999,-999,-1
0.1,0.0,-0.10484789424532126,0.35538701189507615,-562.0,95.0,0.0,0.0,3.9168102741241455,0,True,-999,-999,-1
0.1,0.0,-0.11897939194007422,0.33541756825508734,-561.0,94.0,0.0,0.0,3.9237923622131348,0,True,-999,-999,-1
0.1,0.0,-0.21468121430193526,0.39444925051188656,-559.0,92.0,0.0,0.0,3.930891513824463,0,True,-999,-999,-1
0.1,0.0,-0.1765780077640348,0.39254354790591733,-556.0,89.0,0.0,0.0,3.9380693435668945,0,True,-999,-999,-1
0.1,0.0,-0.1526241989319876,0.4318199498928381,-552.0,87.0,0.0,0.0,3.944772481918335,0,True,-999,-999,-1
0.1,0.0,-0.16681986182633374,0.4207573264576026,-547.0,85.0,0.0,0.0,3.9517834186553955,0,True,-999,-999,-1
0.1,0.0,-0.2247337386347695,0.38369482056728627,-543.0,84.0,0.0,0.0,3.9577763080596924,0,True,-999,-999,-1
0.1,0.0,-0.22581027154719568,0.33350463785709106,-539.0,82.0,0.0,0.0,3.9651620388031006,0,True,-999,-999,-1
0.1,0.0,-0.21713389313726192,0.4335438872610682,-534.0,81.0,0.0,0.0,3.9717984199523926,0,True,-999,-999,-1
0.1,0.0,-0.2218156389640647,0.42469089867008736,-529.0,80.0,0.0,0.0,3.9789950847625732,0,True,-999,-999,-1
0.1,0.0,-0.19406863912050762,0.42943722524593814,-525.0,79.0,0.0,0.0,3.9857842922210693,0,True,-999,-999,-1
0.1,0.0,-0.245682301812358,0.45617254931504064,-522.0,78.0,0.0,0.0,3.9927761554718018,0,True,-999,-999,-1
0.1,0.0,-0.24445422639257586,0.40098817580838286,-520.0,78.0,0.0,0.0,3.9999516010284424,0,True,-999,-999,-1
0.1,0.0,-0.2062463251783488,0.4261907375506764,-519.0,77.0,0.0,0.0,4.007084608078003,0,True,-999,-999,-1
0.1,0.0,-0.15596801673894206,0.42942609485795996,-518.0,77.0,0.0,0.0,4.013800621032715,0,True,-999,-999,-1
0.1,0.0,-0.1616134618833716,0.37103789283447874,-518.0,77.0,0.0,0.0,4.0213189125061035,0,True,-999,-999,-1
0.1,0.0,-0.15441044104326207,0.3558553454364085,-518.0,77.0,0.0,0.0,4.028248310089111,0,True,-999,-999,-1
0.1,0.0,-0.1910182668665224,0.4065452400544712,-518.0,77.0,0.0,0.0,4.035603046417236,0,True,-999,-999,-1
0.1,0.0,-0.19095510456705325,0.37665850140396895,-518.0,77.0,0.0,0.0,4.042454719543457,0,True,-999,-999,-1
0.1,0.0,-0.1943811904417651,0.30573798381639483,-518.0,77.0,0.0,0.0,4.049750328063965,0,True,-999,-999,-1
0.1,0.0,-0.29788624942619146,0.34789305774102397,-518.0,77.0,0.0,0.0,4.056193590164185,0,True,-999,-999,-1
0.1,0.0,-0.28281871759032584,0.3225749106018571,-518.0,77.0,0.0,0.0,4.062604188919067,0,True,-999,-999,-1
0.1,0.0,-0.2347044867566606,0.3707118344573469,-518.0,77.0,0.0,0.0,4.070000648498535,0,True,-999,-999,-1
0.1,0.0,-0.2216472947529201,0.29805909071978925,-518.0,77.0,0.0,0.0,4.076968669891357,0,True,-999,-999,-1
0.1,0.0,-0.22899653362634464,0.28732872780524416,-518.0,77.0,0.0,0.0,4.0838892459869385,0,True,-999,-999,-1
0.1,0.0,-0.29562181087351697,0.3494877448497066,-518.0,77.0,0.0,0.0,4.090896368026733,0,True,-999,-999,-1
0.1,0.0,-0.2912971726254993,0.3955009340110265,-518.0,77.0,0.0,0.0,4.097450256347656,0,True,-999,-999,-1
0.1,0.0,-0.21461767034853194,0.40686627661155134,-518.0,77.0,0.0,0.0,4.103832244873047,0,True,-999,-999,-1
0.1,0.0,-0.20388315704101517,0.40204773648091396,-518.0,77.0,0.0,0.0,4.111195802688599,0,True,-999,-999,-1
0.1,0.0,-0.1483710894599548,0.4531218273576926,-518.0,77.0,0.0,0.0,4.1190185546875,0,True,-999,-999,-1
0.1,0.0,-0.17308005448748967,0.5389139386322203,-518.0,77.0,0.0,0.0,4.126065492630005,0,True,-999,-999,-1
0.1,0.0,-0.19594785728508382,0.551080774876284,-518.0,77.0,0.0,0.0,4.132417678833008,0,True,-999,-999,-1
0.1,0.0,-0.15335231398709542,0.5329359865511936,-518.0,77.0,0.0,0.0,4.13881778717041,0,True,-999,-999,-1
0.1,0.0,-0.15142975972112518,0.5696143658295724,-518.0,77.0,0.0,0.0,4.146396636962891,0,True,-999,-999,-1
0.1,0.0,-0.16999037034052228,0.5532645949605083,-518.0,77.0,0.0,0.0,4.153791427612305,0,True,-999,-999,-1
0.1,0.0,-0.11176905174337037,0.5642117986742691,-518.0,77.0,0.0,0.0,4.159449100494385,0,True,-999,-999,-1
0.1,0.0,-0.17538316530264425,0.5565730922827241,-518.0,77.0,0.0,0.0,4.167512655258179,0,True,-999,-999,-1
0.1,0.0,-0.11187420900813641,0.5098517365445772,-518.0,77.0,0.0,0.0,4.17426609992981,0,True,-999,-999,-1
0.1,0.0,-0.05302388039843502,0.46983346715271573,-518.0,77.0,0.0,0.0,4.180782794952393,0,True,-999,-999,-1
0.1,0.0,-0.05566290886733738,0.5314217633656152,-518.0,77.0,0.0,0.0,4.187197685241699,0,True,-999,-999,-1
0.1,0.0,0.018824847888956872,0.4884703585585343,-518.0,77.0,0.0,0.0,4.195008993148804,0,True,-999,-999,-1
0.1,0.0,0.09050845117321649,0.42878134927968786,-518.0,77.0,0.0,0.0,4.201596021652222,0,True,-999,-999,-1
0.1,0.0,0.06602920711750404,0.43732795280349446,-518.0,77.0,0.0,0.0,4.209217309951782,0,True,-999,-999,-1
0.1,0.0,0.05866678260125206,0.3695774333345402,-518.0,77.0,0.0,0.0,4.21580171585083,0,True,-999,-999,-1
0.1,0.0,0.029091254170740537,0.3262306298538059,-518.0,77.0,0.0,0.0,4.221895933151245,0,True,-999,-999,-1
0.1,0.0,0.10957296775783565,0.3407000220346501,-518.0,77.0,0.0,0.0,4.228774547576904,0,True,-999,-999,-1
0.1,0.0,0.0766498914265901,0.3571334118731009,-518.0,77.0,0.0,0.0,4.236154317855835,0,True,-999,-999,-1
0.1,0.0,0.10260642566042529,0.3050836005651285,-517.0,77.0,0.0,0.0,4.24407434463501,0,True,-999,-999,-1
0.1,0.0,0.11468343943701773,0.24811310728618244,-517.0,77.0,0.0,0.0,4.250120639801025,0,True,-999,-999,-1
0.1,0.0,0.13437004631334476,0.24721736121625934,-517.0,77.0,0.0,0.0,4.257508993148804,0,True,-999,-999,-1
0.1,0.0,0.13205785289167762,0.21485473632543176,-517.0,77.0,0.0,0.0,4.263519525527954,0,True,-999,-999,-1
0.1,0.0,0.19535334302482163,0.227621931741952,-517.0,77.0,0.0,0.0,4.271395206451416,0,True,-999,-999,-1
0.1,0.0,0.1870888923153121,0.2700862985358249,-517.0,77.0,0.0,0.0,4.278534412384033,0,True,-999,-999,-1
0.1,0.0,0.17210033087820562,0.2493753189479024,-517.0,77.0,0.0,0.0,4.285275459289551,0,True,-999,-999,-1
0.1,0.0,0.13095878295907024,0.3037776782893298,-517.0,77.0,0.0,0.0,4.292226552963257,0,True,-999,-999,-1
0.1,0.0,0.10778947249544771,0.32153677273702674,-517.0,77.0,0.0,0.0,4.299175024032593,0,True,-999,-999,-1
0.1,0.0,0.0972846720118905,0.2896990107688648,-517.0,77.0,0.0,0.0,4.306113004684448,0,True,-999,-999,-1
0.1,0.0,0.09691990970042733,0.26157703220959905,-517.0,77.0,0.0,0.0,4.313061475753784,0,True,-999,-999,-1
0.1,0.0,0.05894234055260497,0.2565137903836167,-517.0,77.0,0.0,0.0,4.320004940032959,0,True,-999,-999,-1
0.1,0.0,0.029765339979370264,0.2520789608965803,-517.0,77.0,0.0,0.0,4.326976537704468,0,True,-999,-999,-1
0.1,0.0,-0.0026887983767774452,0.31833820830144993,-517.0,77.0,0.0,0.0,4.333921909332275,0,True,-999,-999,-1
0.1,0.0,0.009243734657656426,0.32995916605998765,-517.0,77.0,0.0,0.0,4.340881586074829,0,True,-999,-999,-1
0.1,0.0,0.043190177741890275,0.30982011520990027,-517.0,77.0,0.0,0.0,4.347817897796631,0,True,-999,-999,-1
0.1,0.0,0.08985593845633824,0.28543026509289193,-517.0,77.0,0.0,0.0,4.354712963104248,0,True,-999,-999,-1
0.1,0.0,0.09427267582540853,0.29469763990664855,-517.0,77.0,0.0,0.0,4.361658096313477,0,True,-999,-999,-1
0.1,0.0,0.16827762440953342,0.3638851240870258,-517.0,77.0,0.0,0.0,4.368208646774292,0,True,-999,-999,-1
0.1,0.0,0.18653219145844657,0.3763743301263392,-518.0,77.0,0.0,0.0,4.375757694244385,0,True,-999,-999,-1
0.1,0.0,0.13343530635213594,0.32778559073009894,-518.0,77.0,0.0,0.0,4.38247537612915,0,True,-999,-999,-1
0.1,0.0,0.1659159589914741,0.3056678790758469,-518.0,77.0,0.0,0.0,4.389434814453125,0,True,-999,-999,-1
0.1,0.0,0.20199358986902843,0.3585954027644753,-518.0,77.0,0.0,0.0,4.396849870681763,0,True,-999,-999,-1
0.1,0.0,0.26919600503164365,0.40175340349402006,-518.0,77.0,0.0,0.0,4.403521537780762,0,True,-999,-999,-1
0.1,0.0,0.2839182981447191,0.39585833313534513,-518.0,77.0,0.0,0.0,4.410162448883057,0,True,-999,-999,-1
0.1,0.0,0.22647184935799203,0.35310517790669316,-518.0,77.0,0.0,0.0,4.416449308395386,0,True,-999,-999,-1
0.1,0.0,0.15742865939938858,0.3454052495938998,-518.0,77.0,0.0,0.0,4.424076557159424,0,True,-999,-999,-1
0.1,0.0,0.15615133423566305,0.4031654774825481,-518.0,77.0,0.0,0.0,4.431142330169678,0,True,-999,-999,-1
0.1,0.0,0.12338642089766234,0.49721609622568264,-518.0,77.0,0.0,0.0,4.438550710678101,0,True,-999,-999,-1
0.1,0.0,0.0683384169485147,0.4867833664497656,-518.0,77.0,0.0,0.0,4.444110631942749,0,True,-999,-999,-1
0.1,0.0,0.0761205629240598,0.5030889474871163,-518.0,77.0,0.0,0.0,4.4511027336120605,0,True,-999,-999,-1
0.1,0.0,0.1375861824423196,0.4421682473698162,-518.0,77.0,0.0,0.0,4.458902835845947,0,True,-999,-999,-1
0.1,0.0,0.14825782597527595,0.3475832164308432,-518.0,77.0,0.0,0.0,4.465824127197266,0,True,-999,-999,-1
0.1,0.0,0.16090247283690254,0.3206443884473501,-518.0,77.0,0.0,0.0,4.473222255706787,0,True,-999,-999,-1
0.1,0.0,0.16076576024012768,0.3957519806825026,-518.0,77.0,0.0,0.0,4.479474782943726,0,True,-999,-999,-1
0.1,0.0,0.1439268346235884,0.39198536971513526,-518.0,77.0,0.0,0.0,4.485991716384888,0,True,-999,-999,-1
0.1,0.0,0.20608476536462061,0.411665318556314,-518.0,77.0,0.0,0.0,4.492665529251099,0,True,-999,-999,-1
0.1,0.0,0.11827230040593248,0.34720699007473965,-518.0,77.0,0.0,0.0,4.500560283660889,0,True,-999,-999,-1
0.1,0.0,0.1268097961248979,0.38134079151337763,-518.0,77.0,0.0,0.0,4.507495880126953,0,True,-999,-999,-1
0.1,0.0,0.1510497171389903,0.3327269829355053,-518.0,77.0,0.0,0.0,4.514441967010498,0,True,-999,-999,-1
0.1,0.0,0.18415820612813574,0.3854363705426729,-518.0,77.0,0.0,0.0,4.521374702453613,0,True,-999,-999,-1
0.1,0.0,0.19556332643594138,0.4041768025986235,-518.0,77.0,0.0,0.0,4.527365684509277,0,True,-999,-999,-1
0.1,0.0,0.20979741956986137,0.4183477312429087,-518.0,77.0,0.0,0.0,4.534343004226685,0,True,-999,-999,-1
0.1,0.0,0.2015043303274733,0.3440387342254919,-518.0,77.0,0.0,0.0,4.541250944137573,0,True,-999,-999,-1
0.1,0.0,0.14270534378369265,0.3872082852561103,-518.0,77.0,0.0,0.0,4.549200534820557,0,True,-999,-999,-1
0.1,0.0,0.24168173278633207,0.37704852737139644,-518.0,77.0,0.0,0.0,4.556191921234131,0,True,-999,-999,-1
0.1,0.0,0.24568513744672704,0.2909760740487197,-518.0,77.0,0.0,0.0,4.563148498535156,0,True,-999,-999,-1
0.1,0.0,0.1880236522741276,0.33429762963555726,-518.0,77.0,0.0,0.0,4.570104122161865,0,True,-999,-999,-1
0.1,0.0,0.18343314749262996,0.37877034803598,-518.0,77.0,0.0,0.0,4.576951026916504,0,True,-999,-999,-1
0.1,0.0,0.18974700231186478,0.3879225952807327,-518.0,77.0,0.0,0.0,4.58390998840332,0,True,-999,-999,-1
0.1,0.0,0.21004282979389782,0.4151404399668349,-518.0,77.0,0.0,0.0,4.590844392776489,0,True,-999,-999,-1
0.1,0.0,0.1894086745273573,0.39804495811309043,-518.0,77.0,0.0,0.0,4.597772598266602,0,True,-999,-999,-1
0.1,0.0,0.1996615125103838,0.3908031292196469,-518.0,77.0,0.0,0.0,4.604126453399658,0,True,-999,-999,-1
0.1,0.0,0.1884684005791506,0.3807549246782536,-518.0,77.0,0.0,0.0,4.611997365951538,0,True,-999,-999,-1
0.1,0.0,0.23173848024709254,0.41053164764619554,-518.0,77.0,0.0,0.0,4.617816209793091,0,True,-999,-999,-1
0.1,0.0,0.1216367611601809,0.39733374711940284,-523.0,78.0,0.0,0.0,4.625174045562744,0,True,-999,-999,-1
0.1,0.0,0.08698690930026186,0.39211682357335137,-536.0,80.0,0.0,0.0,4.631771564483643,0,True,-999,-999,-1
0.1,0.0,0.14522087220422672,0.3908281432102873,-548.0,82.0,0.0,0.0,4.638761281967163,0,True,-999,-999,-1
0.1,0.0,0.13709126847877096,0.39025904410685713,-564.0,85.0,0.0,0.0,4.64577054977417,0,True,-999,-999,-1
0.1,0.0,0.11560626695760048,0.406956503681671,-576.0,86.0,0.0,0.0,4.652768135070801,0,True,-999,-999,-1
0.1,0.0,0.12133405622415505,0.3841251390230787,-587.0,88.0,0.0,0.0,4.6600518226623535,0,True,-999,-999,-1
0.1,0.0,0.16748929673910584,0.37292081930577253,-600.0,90.0,0.0,0.0,4.6667773723602295,0,True,-999,-999,-1
0.1,0.0,0.17044919080570403,0.37604863642486863,-608.0,91.0,0.0,0.0,4.673795700073242,0,True,-999,-999,-1
0.1,0.0,0.15066197802500236,0.3879710794388008,-616.0,93.0,0.0,0.0,4.680769443511963,0,True,-999,-999,-1
0.1,0.0,0.06029455671828718,0.37610720204594694,-624.0,94.0,0.0,0.0,4.687767744064331,0,True,-999,-999,-1
0.1,0.0,0.03697316680923607,0.37844864996781546,-630.0,95.0,0.0,0.0,4.694751739501953,0,True,-999,-999,-1
0.1,0.0,0.027069704537133504,0.3383325237556244,-635.0,96.0,0.0,0.0,4.701246738433838,0,True,-999,-999,-1
0.1,0.0,-0.024107504691964182,0.334802824077126,-641.0,97.0,0.0,0.0,4.7078187465667725,0,True,-999,-999,-1
0.1,0.0,0.026667930116138355,0.28454716761528603,-645.0,98.0,0.0,0.0,4.714766979217529,0,True,-999,-999,-1
0.1,0.0,-0.0369132239154886,0.32514608387118193,-649.0,99.0,0.0,0.0,4.721765518188477,0,True,-999,-999,-1
0.1,0.0,-0.017594803916269525,0.35093911492826096,-652.0,99.0,0.0,0.0,4.728767156600952,0,True,-999,-999,-1
0.1,0.0,-0.02806482089132576,0.38479003068975093,-655.0,99.0,0.0,0.0,4.735767841339111,0,True,-999,-999,-1
0.1,0.0,-0.04369564215848907,0.3858476463030953,-656.0,100.0,0.0,0.0,4.743513584136963,0,True,-999,-999,-1
0.1,0.0,-0.09199845296691897,0.4368288567989035,-656.0,100.0,0.0,0.0,4.7504518032073975,0,True,-999,-999,-1
0.1,0.0,-0.10468647781108872,0.4309678561967153,-656.0,100.0,0.0,0.0,4.7575085163116455,0,True,-999,-999,-1
0.1,0.0,-0.1112298522837628,0.4243383554934175,-656.0,100.0,0.0,0.0,4.7645039558410645,0,True,-999,-999,-1
0.1,0.0,-0.033320881296902985,0.4390914496113165,-656.0,100.0,0.0,0.0,4.771359205245972,0,True,-999,-999,-1
0.1,0.0,0.05100273836440339,0.4647173010643815,-656.0,100.0,0.0,0.0,4.778243780136108,0,True,-999,-999,-1
0.1,0.0,-0.020710227410427648,0.5021312965492127,-657.0,100.0,0.0,0.0,4.785682916641235,0,True,-999,-999,-1
0.1,0.0,0.045424000126590106,0.5565555587574119,-657.0,100.0,0.0,0.0,4.791818141937256,0,True,-999,-999,-1
0.1,0.0,-0.0068551549194898614,0.5580832541247805,-655.0,100.0,0.0,0.0,4.798784971237183,0,True,-999,-999,-1
0.1,0.0,0.010299084498553674,0.4914099665437723,-651.0,100.0,0.0,0.0,4.805767774581909,0,True,-999,-999,-1
0.1,0.0,-0.045238204104164445,0.5015708212895365,-647.0,100.0,0.0,0.0,4.812763452529907,0,True,-999,-999,-1
0.1,0.0,-0.06594694604484794,0.4514281735571495,-643.0,100.0,0.0,0.0,4.819223880767822,0,True,-999,-999,-1
0.1,0.0,-0.022225771453891235,0.42283429550192153,-639.0,100.0,0.0,0.0,4.825827598571777,0,True,-999,-999,-1
0.1,0.0,0.028444439506305264,0.4116235369146337,-635.0,100.0,0.0,0.0,4.8327741622924805,0,True,-999,-999,-1
0.1,0.0,0.02439974979066199,0.35963419346371506,-632.0,100.0,0.0,0.0,4.840164422988892,0,True,-999,-999,-1
0.1,0.0,0.031803989686970964,0.29151465808534294,-627.0,100.0,0.0,0.0,4.846765518188477,0,True,-999,-999,-1
0.1,0.0,0.07065783606495707,0.26232849943559117,-623.0,101.0,0.0,0.0,4.853792428970337,0,True,-999,-999,-1
0.1,0.0,0.11276764159395396,0.3791765212304679,-618.0,101.0,0.0,0.0,4.861172199249268,0,True,-999,-999,-1
0.1,0.0,0.11771179180551906,0.2702663803937045,-611.0,101.0,0.0,0.0,4.8681793212890625,0,True,-999,-999,-1
0.1,0.0,0.16097513194666965,0.22395241076218614,-601.0,102.0,0.0,0.0,4.874778985977173,0,True,-999,-999,-1
0.1,0.0,0.1603703832150287,0.2091004800780981,-593.0,102.0,0.0,0.0,4.881772518157959,0,True,-999,-999,-1
0.1,0.0,0.1646540424385645,0.23954729109408807,-576.0,102.0,0.0,0.0,4.888824224472046,0,True,-999,-999,-1
0.1,0.0,0.19316010451377436,0.2460899442037541,-559.0,102.0,0.0,0.0,4.895832061767578,0,True,-999,-999,-1
0.1,0.0,0.2471315047699015,0.22103471901050573,-539.0,102.0,0.0,0.0,4.902755498886108,0,True,-999,-999,-1
0.1,0.0,0.18515681253755645,0.15891406394292615,-514.0,102.0,0.0,0.0,4.909771680831909,0,True,-999,-999,-1
0.1,0.0,0.2339402737332233,0.21465400229640896,-487.0,102.0,0.0,0.0,4.916869163513184,0,True,-999,-999,-1
0.1,0.0,0.24186560497859236,0.23043149128292023,-453.0,102.0,0.0,0.0,4.923768758773804,0,True,-999,-999,-1
0.1,0.0,0.23260755617325454,0.2273370494779613,-427.0,102.0,0.0,0.0,4.931164503097534,0,True,-999,-999,-1
0.1,0.0,0.29765799342484855,0.26179950650735084,-395.0,104.0,0.0,0.0,4.937772035598755,0,True,-999,-999,-1
0.1,0.0,0.3295479701338444,0.296249096936685,-369.0,106.0,0.0,0.0,4.945164680480957,0,True,-999,-999,-1
0.1,0.0,0.3482834245032494,0.25203680790814736,-342.0,108.0,0.0,0.0,4.951768636703491,0,True,-999,-999,-1
0.1,0.0,0.33044262841005073,0.21074721068844482,-325.0,109.0,0.0,0.0,4.959071159362793,0,True,-999,-999,-1
0.1,0.0,0.30877834750505434,0.2527617395083116,-310.0,110.0,0.0,0.0,4.9661643505096436,0,True,-999,-999,-1
0.1,0.0,0.29726209232421796,0.29859002736038476,-299.0,111.0,0.0,0.0,4.971887588500977,0,True,-999,-999,-1
0.1,0.0,0.2948269295742191,0.31797074925287616,-292.0,111.0,0.0,0.0,4.978776693344116,0,True,-999,-999,-1
0.1,0.0,0.3289055477357248,0.33325096800006565,-285.0,112.0,0.0,0.0,4.985768795013428,0,True,-999,-999,-1
0.1,0.0,0.2818675432427538,0.3532611498276598,-279.0,112.0,0.0,0.0,4.9927756786346436,0,True,-999,-999,-1
