trial,time,cursor_x_pix,cursor_y_pix,cursor_x_cm,cursor_y_cm,gaze_x,gaze_y,target_x,target_y,state_marker,button_pressed,start_time
28,434.40138697624207,46.0,-366.0,1.072734375,-8.565416666666668,24.0,-385.0,243.96455581670702,188.161742102782,0,True,0.7871885712889325
28,434.40738344192505,45.0,-365.0,1.0494140625000001,-8.542013888888889,19.9000244140625,-382.9000244140625,243.96455581670702,188.161742102782,0,True,0.7871885712889325
28,434.41422629356384,45.0,-364.0,1.0494140625000001,-8.518611111111111,20.9000244140625,-382.5999755859375,243.96455581670702,188.161742102782,0,True,0.7871885712889325
28,434.42017102241516,44.0,-364.0,1.02609375,-8.518611111111111,21.0999755859375,-384.5,243.96455581670702,188.161742102782,0,True,0.7871885712889325
28,434.42717814445496,44.0,-363.0,1.02609375,-8.495208333333334,23.0999755859375,-382.300048828125,243.96455581670702,188.161742102782,0,True,0.7871885712889325
28,434.4341080188751,43.0,-362.0,1.0027734375000001,-8.471805555555557,21.800048828125,-385.199951171875,243.96455581670702,188.161742102782,0,True,0.7871885712889325
28,434.44114923477173,43.0,-361.0,1.0027734375000001,-8.448402777777778,21.699951171875,-382.300048828125,243.96455581670702,188.161742102782,0,True,0.7871885712889325
28,434.448814868927,42.0,-359.0,0.9794531250000001,-8.401597222222223,15.300048828125,-380.699951171875,243.96455581670702,188.161742102782,0,True,0.7871885712889325
28,434.45508909225464,41.0,-358.0,0.9561328125000002,-8.378194444444444,20.5999755859375,-381.9000244140625,243.96455581670702,188.161742102782,0,True,0.7871885712889325
28,434.4621961116791,41.0,-358.0,0.9561328125000002,-8.378194444444444,17.0999755859375,-380.5,243.96455581670702,188.161742102782,0,True,0.7871885712889325
28,434.4696469306946,40.0,-357.0,0.9328125,-8.354791666666667,19.4000244140625,-380.199951171875,243.96455581670702,188.161742102782,0,True,0.7871885712889325
28,434.47616696357727,39.0,-355.0,0.9094921875,-8.307986111111111,22.800048828125,-381.800048828125,243.96455581670702,188.161742102782,0,True,0.7871885712889325
28,434.48323583602905,38.0,-354.0,0.886171875,-8.284583333333334,23.199951171875,-380.699951171875,243.96455581670702,188.161742102782,0,True,0.7871885712889325
28,434.49027466773987,37.0,-352.0,0.8628515625000001,-8.237777777777778,22.9000244140625,-381.199951171875,243.96455581670702,188.161742102782,0,True,0.7871885712889325
28,434.4971830844879,37.0,-351.0,0.8628515625000001,-8.214375,23.0999755859375,-379.4000244140625,243.96455581670702,188.161742102782,0,True,0.7871885712889325
28,434.5041630268097,35.0,-349.0,0.8162109375000001,-8.167569444444444,18.800048828125,-380.0,243.96455581670702,188.161742102782,0,True,0.7871885712889325
28,434.5111606121063,35.0,-348.0,0.8162109375000001,-8.144166666666667,20.5999755859375,-382.0999755859375,243.96455581670702,188.161742102782,0,True,0.7871885712889325
28,434.5180983543396,34.0,-347.0,0.7928906250000001,-8.12076388888889,22.5999755859375,-378.5,243.96455581670702,188.161742102782,0,True,0.7871885712889325
28,434.5251512527466,33.0,-346.0,0.7695703125000001,-8.09736111111111,19.800048828125,-382.0999755859375,243.96455581670702,188.161742102782,0,True,0.7871885712889325
28,434.5321741104126,32.0,-345.0,0.7462500000000001,-8.073958333333334,25.9000244140625,-382.199951171875,243.96455581670702,188.161742102782,0,True,0.7871885712889325
28,434.5390498638153,31.0,-343.0,0.7229296875000001,-8.02715277777778,20.0,-383.5,243.96455581670702,188.161742102782,0,True,0.7871885712889325
28,434.5461630821228,31.0,-342.0,0.7229296875000001,-8.00375,20.699951171875,-381.0999755859375,243.96455581670702,188.161742102782,0,True,0.7871885712889325
28,434.5531599521637,31.0,-342.0,0.7229296875000001,-8.00375,19.9000244140625,-380.800048828125,243.96455581670702,188.161742102782,0,True,0.7871885712889325
28,434.55987668037415,30.0,-340.0,0.6996093750000001,-7.956944444444445,19.199951171875,-376.699951171875,243.96455581670702,188.161742102782,0,True,0.7871885712889325
28,434.5671546459198,30.0,-340.0,0.6996093750000001,-7.956944444444445,40.199951171875,-357.5,243.96455581670702,188.161742102782,0,True,0.7871885712889325
28,434.5741765499115,29.0,-339.0,0.6762890625000001,-7.933541666666668,54.800048828125,-334.5999755859375,243.96455581670702,188.161742102782,0,True,0.7871885712889325
28,434.5801844596863,29.0,-338.0,0.6762890625000001,-7.9101388888888895,54.0999755859375,-327.5999755859375,243.96455581670702,188.161742102782,0,True,0.7871885712889325
28,434.58709931373596,29.0,-338.0,0.6762890625000001,-7.9101388888888895,54.800048828125,-328.199951171875,243.96455581670702,188.161742102782,0,True,0.7871885712889325
28,434.5941789150238,29.0,-338.0,0.6762890625000001,-7.9101388888888895,56.300048828125,-331.800048828125,243.96455581670702,188.161742102782,0,True,0.7871885712889325
28,434.60116505622864,29.0,-338.0,0.6762890625000001,-7.9101388888888895,57.5,-329.800048828125,243.96455581670702,188.161742102782,0,True,0.7871885712889325
28,434.6081209182739,29.0,-338.0,0.6762890625000001,-7.9101388888888895,51.800048828125,-329.199951171875,243.96455581670702,188.161742102782,0,True,0.7871885712889325
28,434.61516666412354,29.0,-338.0,0.6762890625000001,-7.9101388888888895,54.5,-327.699951171875,243.96455581670702,188.161742102782,0,True,0.7871885712889325
28,434.6223728656769,29.0,-338.0,0.6762890625000001,-7.9101388888888895,56.199951171875,-329.0,243.96455581670702,188.161742102782,0,True,0.7871885712889325
28,434.62913942337036,29.0,-338.0,0.6762890625000001,-7.9101388888888895,52.300048828125,-328.5999755859375,243.96455581670702,188.161742102782,0,True,0.7871885712889325
28,434.6361837387085,29.0,-338.0,0.6762890625000001,-7.9101388888888895,54.699951171875,-328.0999755859375,243.96455581670702,188.161742102782,0,True,0.7871885712889325
28,434.64317893981934,29.0,-338.0,0.6762890625000001,-7.9101388888888895,55.5,-328.5999755859375,243.96455581670702,188.161742102782,0,True,0.7871885712889325
28,434.65017580986023,29.0,-338.0,0.6762890625000001,-7.9101388888888895,57.699951171875,-328.9000244140625,243.96455581670702,188.161742102782,0,True,0.7871885712889325
28,434.65720295906067,30.0,-338.0,0.6996093750000001,-7.9101388888888895,52.5,-326.0999755859375,243.96455581670702,188.161742102782,0,True,0.7871885712889325
28,434.664235830307,30.0,-339.0,0.6996093750000001,-7.933541666666668,53.5999755859375,-331.5999755859375,243.96455581670702,188.161742102782,0,True,0.7871885712889325
28,434.6711964607239,30.0,-339.0,0.6996093750000001,-7.933541666666668,55.800048828125,-332.0999755859375,243.96455581670702,188.161742102782,0,True,0.7871885712889325
28,434.6781795024872,30.0,-340.0,0.6996093750000001,-7.956944444444445,52.0999755859375,-327.0,243.96455581670702,188.161742102782,0,True,0.7871885712889325
28,434.68520426750183,30.0,-340.0,0.6996093750000001,-7.956944444444445,55.800048828125,-332.199951171875,243.96455581670702,188.161742102782,0,True,0.7871885712889325
28,434.6921281814575,30.0,-341.0,0.6996093750000001,-7.980347222222223,50.5999755859375,-330.300048828125,243.96455581670702,188.161742102782,0,True,0.7871885712889325
28,434.69811725616455,29.0,-341.0,0.6762890625000001,-7.980347222222223,47.800048828125,-330.800048828125,243.96455581670702,188.161742102782,0,True,0.7871885712889325
28,434.70520758628845,29.0,-341.0,0.6762890625000001,-7.980347222222223,47.9000244140625,-332.5,243.96455581670702,188.161742102782,0,True,0.7871885712889325
28,434.712694644928,29.0,-341.0,0.6762890625000001,-7.980347222222223,50.5999755859375,-332.5999755859375,243.96455581670702,188.161742102782,0,True,0.7871885712889325
28,434.71913981437683,29.0,-342.0,0.6762890625000001,-8.00375,48.0,-335.199951171875,243.96455581670702,188.161742102782,0,True,0.7871885712889325
28,434.72619891166687,29.0,-342.0,0.6762890625000001,-8.00375,46.0999755859375,-335.5,243.96455581670702,188.161742102782,0,True,0.7871885712889325
28,434.73366260528564,28.0,-342.0,0.6529687500000001,-8.00375,46.0999755859375,-332.5,243.96455581670702,188.161742102782,0,True,0.7871885712889325
28,434.74019861221313,27.0,-343.0,0.6296484375000001,-8.02715277777778,50.4000244140625,-332.9000244140625,243.96455581670702,188.161742102782,0,True,0.7871885712889325
28,434.7472116947174,26.0,-344.0,0.6063281250000001,-8.050555555555556,47.0999755859375,-337.5,243.96455581670702,188.161742102782,0,True,0.7871885712889325
28,434.7541959285736,26.0,-345.0,0.6063281250000001,-8.073958333333334,46.4000244140625,-334.9000244140625,243.96455581670702,188.161742102782,0,True,0.7871885712889325
28,434.7611367702484,24.0,-347.0,0.5596875000000001,-8.12076388888889,46.699951171875,-332.4000244140625,243.96455581670702,188.161742102782,0,True,0.7871885712889325
28,434.7682077884674,23.0,-349.0,0.5363671875,-8.167569444444444,48.199951171875,-338.9000244140625,243.96455581670702,188.161742102782,0,True,0.7871885712889325
28,434.77519249916077,23.0,-350.0,0.5363671875,-8.190972222222223,45.300048828125,-339.9000244140625,243.96455581670702,188.161742102782,0,True,0.7871885712889325
28,434.78211665153503,21.0,-352.0,0.4897265625000001,-8.237777777777778,46.9000244140625,-337.199951171875,243.96455581670702,188.161742102782,0,True,0.7871885712889325
28,434.78919863700867,21.0,-353.0,0.4897265625000001,-8.261180555555557,45.199951171875,-336.0999755859375,243.96455581670702,188.161742102782,0,True,0.7871885712889325
28,434.7962317466736,20.0,-353.0,0.46640625,-8.261180555555557,47.5999755859375,-341.5,243.96455581670702,188.161742102782,0,True,0.7871885712889325
28,434.80298042297363,19.0,-355.0,0.4430859375,-8.307986111111111,50.5999755859375,-335.5,243.96455581670702,188.161742102782,0,True,0.7871885712889325
28,434.8101923465729,19.0,-356.0,0.4430859375,-8.33138888888889,58.0,-325.5999755859375,243.96455581670702,188.161742102782,0,True,0.7871885712889325
28,434.81620025634766,19.0,-356.0,0.4430859375,-8.33138888888889,52.199951171875,-323.199951171875,243.96455581670702,188.161742102782,0,True,0.7871885712889325
28,434.82320761680603,18.0,-358.0,0.41976562500000003,-8.378194444444444,48.5,-324.699951171875,243.96455581670702,188.161742102782,0,True,0.7871885712889325
28,434.83022236824036,18.0,-358.0,0.41976562500000003,-8.378194444444444,51.0999755859375,-328.5999755859375,243.96455581670702,188.161742102782,0,True,0.7871885712889325
28,434.8371858596802,18.0,-360.0,0.41976562500000003,-8.425,51.199951171875,-324.300048828125,243.96455581670702,188.161742102782,0,True,0.7871885712889325
28,434.8442039489746,17.0,-360.0,0.39644531250000004,-8.425,51.0999755859375,-328.5999755859375,243.96455581670702,188.161742102782,0,True,0.7871885712889325
28,434.85114455223083,17.0,-361.0,0.39644531250000004,-8.448402777777778,53.5999755859375,-327.699951171875,243.96455581670702,188.161742102782,0,True,0.7871885712889325
28,434.85821652412415,17.0,-362.0,0.39644531250000004,-8.471805555555557,55.5,-326.5,243.96455581670702,188.161742102782,0,True,0.7871885712889325
28,434.86521339416504,17.0,-362.0,0.39644531250000004,-8.471805555555557,51.300048828125,-328.699951171875,243.96455581670702,188.161742102782,0,True,0.7871885712889325
28,434.8721444606781,16.0,-363.0,0.37312500000000004,-8.495208333333334,54.0,-326.199951171875,243.96455581670702,188.161742102782,0,True,0.7871885712889325
28,434.87920475006104,16.0,-363.0,0.37312500000000004,-8.495208333333334,50.5999755859375,-327.9000244140625,243.96455581670702,188.161742102782,0,True,0.7871885712889325
28,434.88626408576965,16.0,-364.0,0.37312500000000004,-8.518611111111111,53.699951171875,-326.0999755859375,243.96455581670702,188.161742102782,0,True,0.7871885712889325
28,434.8931381702423,16.0,-364.0,0.37312500000000004,-8.518611111111111,51.300048828125,-325.199951171875,243.96455581670702,188.161742102782,0,True,0.7871885712889325
28,434.90021276474,16.0,-364.0,0.37312500000000004,-8.518611111111111,55.0999755859375,-327.300048828125,243.96455581670702,188.161742102782,0,True,0.7871885712889325
28,434.9072103500366,16.0,-364.0,0.37312500000000004,-8.518611111111111,58.199951171875,-325.0999755859375,243.96455581670702,188.161742102782,0,True,0.7871885712889325
28,434.9142186641693,15.0,-365.0,0.34980468750000004,-8.542013888888889,55.0,-324.5,243.96455581670702,188.161742102782,0,True,0.7871885712889325
28,434.9212064743042,15.0,-365.0,0.34980468750000004,-8.542013888888889,52.5999755859375,-329.0,243.96455581670702,188.161742102782,0,True,0.7871885712889325
28,434.9282066822052,15.0,-365.0,0.34980468750000004,-8.542013888888889,51.9000244140625,-331.699951171875,243.96455581670702,188.161742102782,0,True,0.7871885712889325
28,434.93514680862427,14.0,-365.0,0.32648437500000005,-8.542013888888889,52.9000244140625,-326.4000244140625,243.96455581670702,188.161742102782,0,True,0.7871885712889325
28,434.94221901893616,14.0,-365.0,0.32648437500000005,-8.542013888888889,49.0,-328.5999755859375,243.96455581670702,188.161742102782,0,True,0.7871885712889325
28,434.9482352733612,14.0,-365.0,0.32648437500000005,-8.542013888888889,54.4000244140625,-327.199951171875,243.96455581670702,188.161742102782,0,True,0.7871885712889325
28,434.95577478408813,13.0,-365.0,0.30316406250000005,-8.542013888888889,50.9000244140625,-328.5,243.96455581670702,188.161742102782,0,True,0.7871885712889325
28,434.96218752861023,13.0,-365.0,0.30316406250000005,-8.542013888888889,49.0999755859375,-327.199951171875,243.96455581670702,188.161742102782,0,True,0.7871885712889325
28,434.96920466423035,12.0,-364.0,0.27984375000000006,-8.518611111111111,49.0,-327.4000244140625,243.96455581670702,188.161742102782,0,True,0.7871885712889325
28,434.9765522480011,12.0,-364.0,0.27984375000000006,-8.518611111111111,53.4000244140625,-329.699951171875,243.96455581670702,188.161742102782,0,True,0.7871885712889325
28,434.9832661151886,11.0,-364.0,0.2565234375,-8.518611111111111,51.4000244140625,-328.300048828125,243.96455581670702,188.161742102782,0,True,0.7871885712889325
28,434.9902720451355,11.0,-363.0,0.2565234375,-8.495208333333334,52.800048828125,-327.5,243.96455581670702,188.161742102782,0,True,0.7871885712889325
28,434.99723958969116,10.0,-363.0,0.233203125,-8.495208333333334,52.0,-326.800048828125,243.96455581670702,188.161742102782,0,True,0.7871885712889325
28,435.0042335987091,10.0,-362.0,0.233203125,-8.471805555555557,51.9000244140625,-324.300048828125,243.96455581670702,188.161742102782,0,True,0.7871885712889325
28,435.0112371444702,9.0,-361.0,0.20988281250000002,-8.448402777777778,47.800048828125,-328.5999755859375,243.96455581670702,188.161742102782,0,True,0.7871885712889325
28,435.01822328567505,8.0,-361.0,0.18656250000000002,-8.448402777777778,51.800048828125,-328.300048828125,243.96455581670702,188.161742102782,0,True,0.7871885712889325
28,435.0251669883728,8.0,-360.0,0.18656250000000002,-8.425,54.699951171875,-327.5999755859375,243.96455581670702,188.161742102782,0,True,0.7871885712889325
28,435.03222608566284,7.0,-360.0,0.16324218750000002,-8.425,51.4000244140625,-324.5999755859375,243.96455581670702,188.161742102782,1,True,0.7871885712889325
28,435.0392289161682,7.0,-360.0,0.16324218750000002,-8.425,52.300048828125,-326.300048828125,243.96455581670702,188.161742102782,1,True,0.7871885712889325
28,435.0459671020508,6.0,-359.0,0.13992187500000003,-8.401597222222223,52.5999755859375,-327.4000244140625,243.96455581670702,188.161742102782,1,True,0.7871885712889325
28,435.05320739746094,6.0,-359.0,0.13992187500000003,-8.401597222222223,54.699951171875,-329.300048828125,243.96455581670702,188.161742102782,1,True,0.7871885712889325
28,435.060227394104,5.0,-359.0,0.1166015625,-8.401597222222223,53.199951171875,-330.0999755859375,243.96455581670702,188.161742102782,1,True,0.7871885712889325
28,435.0669105052948,5.0,-359.0,0.1166015625,-8.401597222222223,53.0999755859375,-326.699951171875,243.96455581670702,188.161742102782,1,True,0.7871885712889325
28,435.0732100009918,5.0,-359.0,0.1166015625,-8.401597222222223,52.0,-328.199951171875,243.96455581670702,188.161742102782,1,True,0.7871885712889325
28,435.08023715019226,4.0,-359.0,0.09328125000000001,-8.401597222222223,51.4000244140625,-326.199951171875,243.96455581670702,188.161742102782,1,True,0.7871885712889325
28,435.08723974227905,4.0,-359.0,0.09328125000000001,-8.401597222222223,50.4000244140625,-329.5,243.96455581670702,188.161742102782,1,True,0.7871885712889325
28,435.09422397613525,4.0,-359.0,0.09328125000000001,-8.401597222222223,51.5999755859375,-332.0999755859375,243.96455581670702,188.161742102782,1,True,0.7871885712889325
28,435.10122323036194,4.0,-359.0,0.09328125000000001,-8.401597222222223,48.199951171875,-329.9000244140625,243.96455581670702,188.161742102782,1,True,0.7871885712889325
28,435.10823130607605,4.0,-358.0,0.09328125000000001,-8.378194444444444,49.5999755859375,-330.9000244140625,243.96455581670702,188.161742102782,1,True,0.7871885712889325
28,435.11516880989075,4.0,-358.0,0.09328125000000001,-8.378194444444444,52.0999755859375,-329.5,243.96455581670702,188.161742102782,1,True,0.7871885712889325
28,435.12222719192505,4.0,-358.0,0.09328125000000001,-8.378194444444444,46.9000244140625,-332.300048828125,243.96455581670702,188.161742102782,1,True,0.7871885712889325
28,435.1292986869812,4.0,-358.0,0.09328125000000001,-8.378194444444444,47.800048828125,-329.9000244140625,243.96455581670702,188.161742102782,1,True,0.7871885712889325
28,435.136212348938,4.0,-358.0,0.09328125000000001,-8.378194444444444,50.4000244140625,-333.0999755859375,243.96455581670702,188.161742102782,1,True,0.7871885712889325
28,435.1432240009308,3.0,-358.0,0.06996093750000001,-8.378194444444444,45.9000244140625,-331.5,243.96455581670702,188.161742102782,1,True,0.7871885712889325
28,435.15024638175964,3.0,-358.0,0.06996093750000001,-8.378194444444444,50.5,-328.800048828125,243.96455581670702,188.161742102782,1,True,0.7871885712889325
28,435.15723180770874,3.0,-358.0,0.06996093750000001,-8.378194444444444,49.0999755859375,-330.4000244140625,243.96455581670702,188.161742102782,1,True,0.7871885712889325
28,435.16426062583923,3.0,-358.0,0.06996093750000001,-8.378194444444444,47.199951171875,-331.300048828125,243.96455581670702,188.161742102782,1,True,0.7871885712889325
28,435.1712372303009,2.0,-358.0,0.046640625000000005,-8.378194444444444,46.199951171875,-330.0999755859375,243.96455581670702,188.161742102782,1,True,0.7871885712889325
28,435.1778566837311,2.0,-358.0,0.046640625000000005,-8.378194444444444,46.0999755859375,-329.199951171875,243.96455581670702,188.161742102782,1,True,0.7871885712889325
28,435.1852307319641,2.0,-358.0,0.046640625000000005,-8.378194444444444,48.199951171875,-328.0999755859375,243.96455581670702,188.161742102782,1,True,0.7871885712889325
28,435.19123578071594,2.0,-358.0,0.046640625000000005,-8.378194444444444,43.0999755859375,-330.199951171875,243.96455581670702,188.161742102782,1,True,0.7871885712889325
28,435.1982479095459,2.0,-358.0,0.046640625000000005,-8.378194444444444,48.300048828125,-329.5,243.96455581670702,188.161742102782,1,True,0.7871885712889325
28,435.20517563819885,1.0,-358.0,0.023320312500000002,-8.378194444444444,44.699951171875,-329.699951171875,243.96455581670702,188.161742102782,1,True,0.7871885712889325
28,435.21225214004517,1.0,-358.0,0.023320312500000002,-8.378194444444444,46.5999755859375,-332.4000244140625,243.96455581670702,188.161742102782,1,True,0.7871885712889325
28,435.2196009159088,1.0,-358.0,0.023320312500000002,-8.378194444444444,46.5999755859375,-332.699951171875,243.96455581670702,188.161742102782,1,True,0.7871885712889325
28,435.22619009017944,0.0,-358.0,0.0,-8.378194444444444,44.800048828125,-327.699951171875,243.96455581670702,188.161742102782,1,True,0.7871885712889325
28,435.23325085639954,0.0,-358.0,0.0,-8.378194444444444,44.699951171875,-328.4000244140625,243.96455581670702,188.161742102782,1,True,0.7871885712889325
28,435.24046087265015,0.0,-358.0,0.0,-8.378194444444444,44.5999755859375,-329.5999755859375,243.96455581670702,188.161742102782,1,True,0.7871885712889325
28,435.247261762619,-1.0,-358.0,-0.023320312500000002,-8.378194444444444,48.699951171875,-329.300048828125,243.96455581670702,188.161742102782,1,True,0.7871885712889325
28,435.2543451786041,-1.0,-358.0,-0.023320312500000002,-8.378194444444444,45.800048828125,-332.5999755859375,243.96455581670702,188.161742102782,1,True,0.7871885712889325
28,435.26129126548767,-1.0,-358.0,-0.023320312500000002,-8.378194444444444,51.5,-331.300048828125,243.96455581670702,188.161742102782,1,True,0.7871885712889325
28,435.2682583332062,-2.0,-358.0,-0.046640625000000005,-8.378194444444444,46.800048828125,-329.800048828125,243.96455581670702,188.161742102782,1,True,0.7871885712889325
28,435.2752432823181,-2.0,-359.0,-0.046640625000000005,-8.401597222222223,47.199951171875,-329.5,243.96455581670702,188.161742102782,1,True,0.7871885712889325
28,435.2822573184967,-2.0,-359.0,-0.046640625000000005,-8.401597222222223,47.5999755859375,-330.800048828125,243.96455581670702,188.161742102782,1,True,0.7871885712889325
28,435.2890341281891,-2.0,-359.0,-0.046640625000000005,-8.401597222222223,46.0,-331.9000244140625,243.96455581670702,188.161742102782,1,True,0.7871885712889325
28,435.29626750946045,-2.0,-359.0,-0.046640625000000005,-8.401597222222223,45.9000244140625,-329.4000244140625,243.96455581670702,188.161742102782,1,True,0.7871885712889325
28,435.3032600879669,-3.0,-359.0,-0.06996093750000001,-8.401597222222223,48.5999755859375,-328.4000244140625,243.96455581670702,188.161742102782,1,True,0.7871885712889325
28,435.3099491596222,-3.0,-359.0,-0.06996093750000001,-8.401597222222223,48.699951171875,-327.4000244140625,243.96455581670702,188.161742102782,1,True,0.7871885712889325
28,435.31625056266785,-3.0,-359.0,-0.06996093750000001,-8.401597222222223,47.0999755859375,-333.300048828125,243.96455581670702,188.161742102782,1,True,0.7871885712889325
28,435.32326769828796,-3.0,-359.0,-0.06996093750000001,-8.401597222222223,46.300048828125,-333.0999755859375,243.96455581670702,188.161742102782,1,True,0.7871885712889325
28,435.33027601242065,-3.0,-359.0,-0.06996093750000001,-8.401597222222223,50.5999755859375,-332.800048828125,243.96455581670702,188.161742102782,1,True,0.7871885712889325
28,435.33726620674133,-3.0,-359.0,-0.06996093750000001,-8.401597222222223,46.4000244140625,-329.5999755859375,243.96455581670702,188.161742102782,1,True,0.7871885712889325
28,435.3442602157593,-3.0,-359.0,-0.06996093750000001,-8.401597222222223,49.5999755859375,-330.5,243.96455581670702,188.161742102782,1,True,0.7871885712889325
28,435.35125946998596,-3.0,-359.0,-0.06996093750000001,-8.401597222222223,47.199951171875,-330.5,243.96455581670702,188.161742102782,1,True,0.7871885712889325
28,435.3582148551941,-3.0,-359.0,-0.06996093750000001,-8.401597222222223,51.699951171875,-330.199951171875,243.96455581670702,188.161742102782,1,True,0.7871885712889325
28,435.3652675151825,-2.0,-359.0,-0.046640625000000005,-8.401597222222223,52.699951171875,-328.699951171875,243.96455581670702,188.161742102782,1,True,0.7871885712889325
28,435.3722710609436,-2.0,-359.0,-0.046640625000000005,-8.401597222222223,52.800048828125,-330.0999755859375,243.96455581670702,188.161742102782,1,True,0.7871885712889325
28,435.37920117378235,-2.0,-359.0,-0.046640625000000005,-8.401597222222223,52.699951171875,-332.699951171875,243.96455581670702,188.161742102782,1,True,0.7871885712889325
28,435.38629603385925,-2.0,-359.0,-0.046640625000000005,-8.401597222222223,50.0,-329.4000244140625,243.96455581670702,188.161742102782,1,True,0.7871885712889325
28,435.3932774066925,-2.0,-359.0,-0.046640625000000005,-8.401597222222223,49.5999755859375,-325.9000244140625,243.96455581670702,188.161742102782,1,True,0.7871885712889325
28,435.40018463134766,-2.0,-359.0,-0.046640625000000005,-8.401597222222223,55.5,-330.0,243.96455581670702,188.161742102782,1,True,0.7871885712889325
28,435.4073657989502,-2.0,-359.0,-0.046640625000000005,-8.401597222222223,52.199951171875,-333.199951171875,243.96455581670702,188.161742102782,1,True,0.7871885712889325
28,435.4142825603485,-2.0,-359.0,-0.046640625000000005,-8.401597222222223,51.5,-332.199951171875,243.96455581670702,188.161742102782,1,True,0.7871885712889325
28,435.4212853908539,-2.0,-359.0,-0.046640625000000005,-8.401597222222223,52.199951171875,-331.5,243.96455581670702,188.161742102782,1,True,0.7871885712889325
28,435.42828154563904,-2.0,-359.0,-0.046640625000000005,-8.401597222222223,50.199951171875,-329.4000244140625,243.96455581670702,188.161742102782,1,True,0.7871885712889325
28,435.43430614471436,-2.0,-359.0,-0.046640625000000005,-8.401597222222223,50.0999755859375,-331.199951171875,243.96455581670702,188.161742102782,1,True,0.7871885712889325
28,435.4417850971222,-2.0,-359.0,-0.046640625000000005,-8.401597222222223,49.699951171875,-328.300048828125,243.96455581670702,188.161742102782,1,True,0.7871885712889325
28,435.44829273223877,-2.0,-359.0,-0.046640625000000005,-8.401597222222223,46.0,-328.0999755859375,243.96455581670702,188.161742102782,1,True,0.7871885712889325
28,435.4556474685669,-2.0,-359.0,-0.046640625000000005,-8.401597222222223,47.5,-331.0,243.96455581670702,188.161742102782,1,True,0.7871885712889325
28,435.4626817703247,-2.0,-359.0,-0.046640625000000005,-8.401597222222223,51.199951171875,-331.300048828125,243.96455581670702,188.161742102782,1,True,0.7871885712889325
28,435.46922397613525,-2.0,-359.0,-0.046640625000000005,-8.401597222222223,48.0,-329.9000244140625,243.96455581670702,188.161742102782,1,True,0.7871885712889325
28,435.4762854576111,-2.0,-359.0,-0.046640625000000005,-8.401597222222223,51.199951171875,-327.300048828125,243.96455581670702,188.161742102782,1,True,0.7871885712889325
28,435.48350381851196,-2.0,-359.0,-0.046640625000000005,-8.401597222222223,50.4000244140625,-328.5999755859375,243.96455581670702,188.161742102782,1,True,0.7871885712889325
28,435.4903280735016,-2.0,-359.0,-0.046640625000000005,-8.401597222222223,50.0,-331.0,243.96455581670702,188.161742102782,1,True,0.7871885712889325
28,435.49794816970825,-2.0,-359.0,-0.046640625000000005,-8.401597222222223,51.5999755859375,-329.800048828125,243.96455581670702,188.161742102782,1,True,0.7871885712889325
28,435.50430130958557,-2.0,-359.0,-0.046640625000000005,-8.401597222222223,51.5999755859375,-328.199951171875,243.96455581670702,188.161742102782,1,True,0.7871885712889325
28,435.5112187862396,-2.0,-359.0,-0.046640625000000005,-8.401597222222223,49.4000244140625,-327.199951171875,243.96455581670702,188.161742102782,1,True,0.7871885712889325
28,435.5182874202728,-2.0,-359.0,-0.046640625000000005,-8.401597222222223,55.4000244140625,-327.5999755859375,243.96455581670702,188.161742102782,1,True,0.7871885712889325
28,435.5253047943115,-2.0,-359.0,-0.046640625000000005,-8.401597222222223,54.199951171875,-327.0999755859375,243.96455581670702,188.161742102782,1,True,0.7871885712889325
28,435.53225541114807,-2.0,-359.0,-0.046640625000000005,-8.401597222222223,50.9000244140625,-330.0,243.96455581670702,188.161742102782,1,True,0.7871885712889325
28,435.5393190383911,-2.0,-359.0,-0.046640625000000005,-8.401597222222223,53.199951171875,-327.0,243.96455581670702,188.161742102782,1,True,0.7871885712889325
28,435.5463140010834,-2.0,-359.0,-0.046640625000000005,-8.401597222222223,55.0999755859375,-326.5999755859375,243.96455581670702,188.161742102782,1,True,0.7871885712889325
28,435.5530025959015,-2.0,-359.0,-0.046640625000000005,-8.401597222222223,54.699951171875,-326.300048828125,243.96455581670702,188.161742102782,1,True,0.7871885712889325
28,435.55925011634827,-2.0,-359.0,-0.046640625000000005,-8.401597222222223,55.199951171875,-329.0,243.96455581670702,188.161742102782,1,True,0.7871885712889325
28,435.56630063056946,-2.0,-359.0,-0.046640625000000005,-8.401597222222223,55.0999755859375,-327.699951171875,243.96455581670702,188.161742102782,1,True,0.7871885712889325
28,435.5738048553467,-2.0,-359.0,-0.046640625000000005,-8.401597222222223,53.800048828125,-327.4000244140625,243.96455581670702,188.161742102782,1,True,0.7871885712889325
28,435.58031582832336,-2.0,-359.0,-0.046640625000000005,-8.401597222222223,57.0999755859375,-328.800048828125,243.96455581670702,188.161742102782,1,True,0.7871885712889325
28,435.58732175827026,-2.0,-359.0,-0.046640625000000005,-8.401597222222223,56.5999755859375,-329.5999755859375,243.96455581670702,188.161742102782,1,True,0.7871885712889325
28,435.5943224430084,-2.0,-359.0,-0.046640625000000005,-8.401597222222223,54.5,-328.199951171875,243.96455581670702,188.161742102782,1,True,0.7871885712889325
28,435.6013112068176,-2.0,-359.0,-0.046640625000000005,-8.401597222222223,57.5,-323.4000244140625,243.96455581670702,188.161742102782,1,True,0.7871885712889325
28,435.6083252429962,-2.0,-359.0,-0.046640625000000005,-8.401597222222223,57.5999755859375,-323.4000244140625,243.96455581670702,188.161742102782,1,True,0.7871885712889325
28,435.6153259277344,-2.0,-359.0,-0.046640625000000005,-8.401597222222223,54.0,-323.4000244140625,243.96455581670702,188.161742102782,1,True,0.7871885712889325
28,435.6222434043884,-2.0,-359.0,-0.046640625000000005,-8.401597222222223,56.4000244140625,-326.5999755859375,243.96455581670702,188.161742102782,1,True,0.7871885712889325
28,435.62926197052,-2.0,-359.0,-0.046640625000000005,-8.401597222222223,52.0,-326.5999755859375,243.96455581670702,188.161742102782,1,True,0.7871885712889325
28,435.6361982822418,-2.0,-359.0,-0.046640625000000005,-8.401597222222223,52.800048828125,-326.800048828125,243.96455581670702,188.161742102782,1,True,0.7871885712889325
28,435.6431975364685,-2.0,-359.0,-0.046640625000000005,-8.401597222222223,53.4000244140625,-328.0999755859375,243.96455581670702,188.161742102782,1,True,0.7871885712889325
28,435.65032505989075,-2.0,-359.0,-0.046640625000000005,-8.401597222222223,58.4000244140625,-331.0999755859375,243.96455581670702,188.161742102782,1,True,0.7871885712889325
28,435.65733218193054,-2.0,-359.0,-0.046640625000000005,-8.401597222222223,53.699951171875,-322.9000244140625,243.96455581670702,188.161742102782,1,True,0.7871885712889325
28,435.66434264183044,-2.0,-359.0,-0.046640625000000005,-8.401597222222223,52.9000244140625,-325.199951171875,243.96455581670702,188.161742102782,1,True,0.7871885712889325
28,435.67133378982544,-2.0,-359.0,-0.046640625000000005,-8.401597222222223,51.4000244140625,-326.0999755859375,243.96455581670702,188.161742102782,1,True,0.7871885712889325
28,435.67832016944885,-2.0,-359.0,-0.046640625000000005,-8.401597222222223,49.699951171875,-323.5,243.96455581670702,188.161742102782,1,True,0.7871885712889325
28,435.6843090057373,-2.0,-359.0,-0.046640625000000005,-8.401597222222223,53.199951171875,-321.5999755859375,243.96455581670702,188.161742102782,1,True,0.7871885712889325
28,435.69178581237793,-2.0,-359.0,-0.046640625000000005,-8.401597222222223,53.9000244140625,-324.5999755859375,243.96455581670702,188.161742102782,1,True,0.7871885712889325
28,435.6983287334442,-2.0,-359.0,-0.046640625000000005,-8.401597222222223,54.199951171875,-323.5999755859375,243.96455581670702,188.161742102782,1,True,0.7871885712889325
28,435.7053236961365,-2.0,-359.0,-0.046640625000000005,-8.401597222222223,55.5999755859375,-325.199951171875,243.96455581670702,188.161742102782,1,True,0.7871885712889325
28,435.7122688293457,-2.0,-359.0,-0.046640625000000005,-8.401597222222223,54.9000244140625,-322.9000244140625,243.96455581670702,188.161742102782,1,True,0.7871885712889325
28,435.71933817863464,-2.0,-359.0,-0.046640625000000005,-8.401597222222223,56.300048828125,-322.5,243.96455581670702,188.161742102782,1,True,0.7871885712889325
28,435.7265193462372,-2.0,-359.0,-0.046640625000000005,-8.401597222222223,56.0,-324.5,243.96455581670702,188.161742102782,1,True,0.7871885712889325
28,435.7334358692169,-2.0,-359.0,-0.046640625000000005,-8.401597222222223,61.5,-324.300048828125,243.96455581670702,188.161742102782,1,True,0.7871885712889325
28,435.74040126800537,-2.0,-359.0,-0.046640625000000005,-8.401597222222223,57.5,-325.699951171875,243.96455581670702,188.161742102782,1,True,0.7871885712889325
28,435.7473773956299,-2.0,-359.0,-0.046640625000000005,-8.401597222222223,59.300048828125,-325.300048828125,243.96455581670702,188.161742102782,1,True,0.7871885712889325
28,435.75433897972107,-2.0,-359.0,-0.046640625000000005,-8.401597222222223,58.199951171875,-324.0,243.96455581670702,188.161742102782,1,True,0.7871885712889325
28,435.7613379955292,-2.0,-359.0,-0.046640625000000005,-8.401597222222223,59.5999755859375,-323.4000244140625,243.96455581670702,188.161742102782,1,True,0.7871885712889325
28,435.76833939552307,-2.0,-359.0,-0.046640625000000005,-8.401597222222223,59.5,-323.199951171875,243.96455581670702,188.161742102782,1,True,0.7871885712889325
28,435.7753541469574,-2.0,-359.0,-0.046640625000000005,-8.401597222222223,59.199951171875,-324.800048828125,243.96455581670702,188.161742102782,1,True,0.7871885712889325
28,435.782350063324,-2.0,-359.0,-0.046640625000000005,-8.401597222222223,56.5,-324.300048828125,243.96455581670702,188.161742102782,1,True,0.7871885712889325
28,435.7893581390381,-2.0,-359.0,-0.046640625000000005,-8.401597222222223,55.0999755859375,-323.300048828125,243.96455581670702,188.161742102782,1,True,0.7871885712889325
28,435.7962877750397,-2.0,-359.0,-0.046640625000000005,-8.401597222222223,56.5999755859375,-325.199951171875,243.96455581670702,188.161742102782,1,True,0.7871885712889325
28,435.80227613449097,-2.0,-359.0,-0.046640625000000005,-8.401597222222223,60.0999755859375,-319.9000244140625,243.96455581670702,188.161742102782,1,True,0.7871885712889325
28,435.80933833122253,-2.0,-359.0,-0.046640625000000005,-8.401597222222223,57.300048828125,-326.800048828125,243.96455581670702,188.161742102782,1,True,0.7871885712889325
28,435.81680274009705,-2.0,-359.0,-0.046640625000000005,-8.401597222222223,58.699951171875,-322.0,243.96455581670702,188.161742102782,1,True,0.7871885712889325
28,435.8233208656311,-2.0,-359.0,-0.046640625000000005,-8.401597222222223,57.199951171875,-323.5999755859375,243.96455581670702,188.161742102782,1,True,0.7871885712889325
28,435.83035683631897,-2.0,-359.0,-0.046640625000000005,-8.401597222222223,56.5,-324.300048828125,243.96455581670702,188.161742102782,2,True,0.7871885712889325
28,435.8373591899872,-2.0,-359.0,-0.046640625000000005,-8.401597222222223,58.0,-324.800048828125,243.96455581670702,188.161742102782,2,True,0.7871885712889325
28,435.8443419933319,-2.0,-359.0,-0.046640625000000005,-8.401597222222223,58.9000244140625,-322.800048828125,243.96455581670702,188.161742102782,2,True,0.7871885712889325
28,435.8513414859772,-2.0,-359.0,-0.046640625000000005,-8.401597222222223,56.199951171875,-324.5999755859375,243.96455581670702,188.161742102782,2,True,0.7871885712889325
28,435.8583765029907,-2.0,-359.0,-0.046640625000000005,-8.401597222222223,57.300048828125,-324.199951171875,243.96455581670702,188.161742102782,2,True,0.7871885712889325
28,435.8652856349945,-2.0,-359.0,-0.046640625000000005,-8.401597222222223,58.4000244140625,-326.800048828125,243.96455581670702,188.161742102782,2,True,0.7871885712889325
28,435.87234830856323,-2.0,-359.0,-0.046640625000000005,-8.401597222222223,59.5999755859375,-324.5,243.96455581670702,188.161742102782,2,True,0.7871885712889325
28,435.879358291626,-2.0,-359.0,-0.046640625000000005,-8.401597222222223,52.9000244140625,-328.9000244140625,243.96455581670702,188.161742102782,2,True,0.7871885712889325
28,435.88625931739807,-2.0,-359.0,-0.046640625000000005,-8.401597222222223,55.4000244140625,-326.800048828125,243.96455581670702,188.161742102782,2,True,0.7871885712889325
28,435.8933424949646,-2.0,-359.0,-0.046640625000000005,-8.401597222222223,50.9000244140625,-326.5,243.96455581670702,188.161742102782,2,True,0.7871885712889325
28,435.9003527164459,-2.0,-359.0,-0.046640625000000005,-8.401597222222223,54.199951171875,-328.9000244140625,243.96455581670702,188.161742102782,2,True,0.7871885712889325
28,435.9070830345154,-2.0,-359.0,-0.046640625000000005,-8.401597222222223,50.0999755859375,-330.800048828125,243.96455581670702,188.161742102782,2,True,0.7871885712889325
28,435.91436076164246,-2.0,-359.0,-0.046640625000000005,-8.401597222222223,52.4000244140625,-332.5,243.96455581670702,188.161742102782,2,True,0.7871885712889325
28,435.9213602542877,-2.0,-359.0,-0.046640625000000005,-8.401597222222223,51.699951171875,-327.800048828125,243.96455581670702,188.161742102782,2,True,0.7871885712889325
28,435.9273521900177,-2.0,-359.0,-0.046640625000000005,-8.401597222222223,56.5999755859375,-327.5,243.96455581670702,188.161742102782,2,True,0.7871885712889325
28,435.9343593120575,-2.0,-359.0,-0.046640625000000005,-8.401597222222223,58.0,-325.5,243.96455581670702,188.161742102782,2,True,0.7871885712889325
28,435.9413573741913,-2.0,-359.0,-0.046640625000000005,-8.401597222222223,55.5999755859375,-328.300048828125,243.96455581670702,188.161742102782,2,True,0.7871885712889325
28,435.94835591316223,-2.0,-359.0,-0.046640625000000005,-8.401597222222223,58.199951171875,-323.9000244140625,243.96455581670702,188.161742102782,2,True,0.7871885712889325
28,435.9552893638611,-2.0,-359.0,-0.046640625000000005,-8.401597222222223,56.800048828125,-330.5,243.96455581670702,188.161742102782,2,True,0.7871885712889325
28,435.96260619163513,-2.0,-359.0,-0.046640625000000005,-8.401597222222223,60.800048828125,-328.199951171875,243.96455581670702,188.161742102782,2,True,0.7871885712889325
28,435.96952986717224,-2.0,-359.0,-0.046640625000000005,-8.401597222222223,62.4000244140625,-326.5,243.96455581670702,188.161742102782,2,True,0.7871885712889325
28,435.97637486457825,-2.0,-359.0,-0.046640625000000005,-8.401597222222223,62.4000244140625,-325.5,243.96455581670702,188.161742102782,2,True,0.7871885712889325
28,435.9834814071655,-2.0,-359.0,-0.046640625000000005,-8.401597222222223,61.0,-327.5999755859375,243.96455581670702,188.161742102782,2,True,0.7871885712889325
28,435.9904968738556,-2.0,-359.0,-0.046640625000000005,-8.401597222222223,60.199951171875,-325.5999755859375,243.96455581670702,188.161742102782,2,True,0.7871885712889325
28,435.9974455833435,-2.0,-359.0,-0.046640625000000005,-8.401597222222223,61.0,-325.199951171875,243.96455581670702,188.161742102782,2,True,0.7871885712889325
28,436.00431728363037,-2.0,-359.0,-0.046640625000000005,-8.401597222222223,83.9000244140625,-293.5,243.96455581670702,188.161742102782,2,True,0.7871885712889325
28,436.0112564563751,-2.0,-359.0,-0.046640625000000005,-8.401597222222223,118.5999755859375,-230.9000244140625,243.96455581670702,188.161742102782,2,True,0.7871885712889325
28,436.01843547821045,-2.0,-359.0,-0.046640625000000005,-8.401597222222223,148.0999755859375,-155.0,243.96455581670702,188.161742102782,2,True,0.7871885712889325
28,436.02541851997375,-2.0,-359.0,-0.046640625000000005,-8.401597222222223,167.0,-99.20001220703125,243.96455581670702,188.161742102782,2,True,0.7871885712889325
28,436.03242802619934,-2.0,-359.0,-0.046640625000000005,-8.401597222222223,201.0,-14.0999755859375,243.96455581670702,188.161742102782,2,True,0.7871885712889325
28,436.03938460350037,-2.0,-359.0,-0.046640625000000005,-8.401597222222223,206.300048828125,42.4000244140625,243.96455581670702,188.161742102782,2,True,0.7871885712889325
28,436.04537296295166,-2.0,-359.0,-0.046640625000000005,-8.401597222222223,224.5,88.70001220703125,243.96455581670702,188.161742102782,2,True,0.7871885712889325
28,436.05242347717285,-2.0,-359.0,-0.046640625000000005,-8.401597222222223,231.4000244140625,93.0999755859375,243.96455581670702,188.161742102782,2,True,0.7871885712889325
28,436.05997920036316,-2.0,-359.0,-0.046640625000000005,-8.401597222222223,228.4000244140625,106.0999755859375,243.96455581670702,188.161742102782,2,True,0.7871885712889325
28,436.06638956069946,-2.0,-359.0,-0.046640625000000005,-8.401597222222223,231.0,101.5,243.96455581670702,188.161742102782,2,True,0.7871885712889325
28,436.0734384059906,-2.0,-359.0,-0.046640625000000005,-8.401597222222223,228.9000244140625,104.0,243.96455581670702,188.161742102782,2,True,0.7871885712889325
28,436.0808370113373,-2.0,-359.0,-0.046640625000000005,-8.401597222222223,227.4000244140625,102.79998779296875,243.96455581670702,188.161742102782,2,True,0.7871885712889325
28,436.0874238014221,-2.0,-358.0,-0.046640625000000005,-8.378194444444444,230.9000244140625,113.4000244140625,243.96455581670702,188.161742102782,2,True,0.7871885712889325
28,436.0944187641144,-2.0,-358.0,-0.046640625000000005,-8.378194444444444,231.9000244140625,112.4000244140625,243.96455581670702,188.161742102782,2,True,0.7871885712889325
28,436.1014425754547,-2.0,-357.0,-0.046640625000000005,-8.354791666666667,235.0,113.79998779296875,243.96455581670702,188.161742102782,2,True,0.7871885712889325
28,436.10841965675354,-2.0,-356.0,-0.046640625000000005,-8.33138888888889,231.9000244140625,111.20001220703125,243.96455581670702,188.161742102782,2,True,0.7871885712889325
28,436.11541843414307,-1.0,-352.0,-0.023320312500000002,-8.237777777777778,232.199951171875,110.5,243.96455581670702,188.161742102782,3,True,0.7871885712889325
28,436.1224308013916,-1.0,-350.0,-0.023320312500000002,-8.190972222222223,232.800048828125,110.0,243.96455581670702,188.161742102782,3,True,0.7871885712889325
28,436.1293890476227,1.0,-344.0,0.023320312500000002,-8.050555555555556,235.0,109.70001220703125,243.96455581670702,188.161742102782,3,True,0.7871885712889325
28,436.13643646240234,3.0,-341.0,0.06996093750000001,-7.980347222222223,230.9000244140625,108.0999755859375,243.96455581670702,188.161742102782,3,True,0.7871885712889325
28,436.14343070983887,4.0,-337.0,0.09328125000000001,-7.886736111111111,236.0999755859375,114.70001220703125,243.96455581670702,188.161742102782,3,True,0.7871885712889325
28,436.1502318382263,8.0,-327.0,0.18656250000000002,-7.652708333333334,240.199951171875,118.70001220703125,243.96455581670702,188.161742102782,3,True,0.7871885712889325
28,436.1574261188507,11.0,-322.0,0.2565234375,-7.535694444444445,233.300048828125,114.0,243.96455581670702,188.161742102782,3,True,0.7871885712889325
28,436.16443943977356,13.0,-317.0,0.30316406250000005,-7.418680555555556,233.699951171875,112.0,243.96455581670702,188.161742102782,3,True,0.7871885712889325
28,436.1714322566986,18.0,-306.0,0.41976562500000003,-7.161250000000001,232.699951171875,111.79998779296875,243.96455581670702,188.161742102782,3,True,0.7871885712889325
28,436.17742824554443,21.0,-300.0,0.4897265625000001,-7.020833333333334,235.199951171875,114.0999755859375,243.96455581670702,188.161742102782,3,True,0.7871885712889325
28,436.18443751335144,27.0,-286.0,0.6296484375000001,-6.693194444444445,233.300048828125,112.20001220703125,243.96455581670702,188.161742102782,3,True,0.7871885712889325
28,436.19143056869507,29.0,-279.0,0.6762890625000001,-6.529375000000001,231.5,109.5,243.96455581670702,188.161742102782,3,True,0.7871885712889325
28,436.19839310646057,35.0,-264.0,0.8162109375000001,-6.178333333333334,238.300048828125,110.29998779296875,243.96455581670702,188.161742102782,3,True,0.7871885712889325
28,436.20542788505554,38.0,-255.0,0.886171875,-5.967708333333333,238.5999755859375,111.0999755859375,243.96455581670702,188.161742102782,3,True,0.7871885712889325
28,436.2124481201172,41.0,-247.0,0.9561328125000002,-5.780486111111111,236.9000244140625,114.70001220703125,243.96455581670702,188.161742102782,3,True,0.7871885712889325
28,436.21939849853516,47.0,-228.0,1.0960546875000001,-5.335833333333333,237.199951171875,115.9000244140625,243.96455581670702,188.161742102782,3,True,0.7871885712889325
28,436.2265136241913,50.0,-219.0,1.1660156250000002,-5.125208333333334,240.300048828125,114.29998779296875,243.96455581670702,188.161742102782,3,True,0.7871885712889325
28,436.23347067832947,53.0,-209.0,1.2359765625,-4.891180555555556,238.699951171875,114.5,243.96455581670702,188.161742102782,3,True,0.7871885712889325
28,436.2404065132141,60.0,-190.0,1.3992187500000002,-4.446527777777778,238.199951171875,114.20001220703125,243.96455581670702,188.161742102782,3,True,0.7871885712889325
28,436.24751329421997,64.0,-181.0,1.4925000000000002,-4.2359027777777785,240.9000244140625,115.5,243.96455581670702,188.161742102782,3,True,0.7871885712889325
28,436.25447964668274,67.0,-171.0,1.5624609375000003,-4.001875,239.4000244140625,111.20001220703125,243.96455581670702,188.161742102782,3,True,0.7871885712889325
28,436.26148772239685,74.0,-153.0,1.7257031250000001,-3.5806250000000004,239.300048828125,113.0,243.96455581670702,188.161742102782,3,True,0.7871885712889325
28,436.26846861839294,77.0,-143.0,1.7956640625000002,-3.3465972222222224,239.800048828125,117.0,243.96455581670702,188.161742102782,3,True,0.7871885712889325
28,436.2754991054535,84.0,-124.0,1.9589062500000003,-2.9019444444444447,251.5,137.20001220703125,243.96455581670702,188.161742102782,3,True,0.7871885712889325
28,436.2824614048004,87.0,-115.0,2.0288671875000004,-2.691319444444445,279.300048828125,174.0999755859375,243.96455581670702,188.161742102782,3,True,0.7871885712889325
28,436.28847074508667,94.0,-96.0,2.1921093750000002,-2.246666666666667,281.199951171875,181.20001220703125,243.96455581670702,188.161742102782,3,True,0.7871885712889325
28,436.29546546936035,97.0,-87.0,2.2620703125,-2.0360416666666667,287.4000244140625,190.4000244140625,243.96455581670702,188.161742102782,3,True,0.7871885712889325
28,436.30247712135315,101.0,-78.0,2.3553515625,-1.8254166666666667,290.0999755859375,198.79998779296875,243.96455581670702,188.161742102782,3,True,0.7871885712889325
28,436.30948066711426,107.0,-60.0,2.4952734375000003,-1.4041666666666668,287.699951171875,189.5999755859375,243.96455581670702,188.161742102782,3,True,0.7871885712889325
28,436.3164658546448,110.0,-51.0,2.565234375,-1.1935416666666667,288.4000244140625,193.70001220703125,243.96455581670702,188.161742102782,3,True,0.7871885712889325
28,436.32395029067993,112.0,-43.0,2.6118750000000004,-1.0063194444444445,291.0999755859375,194.20001220703125,243.96455581670702,188.161742102782,3,True,0.7871885712889325
28,436.3304798603058,117.0,-27.0,2.7284765625000005,-0.6318750000000001,294.0999755859375,194.5,243.96455581670702,188.161742102782,3,True,0.7871885712889325
28,436.33748602867126,119.0,-19.0,2.7751171875000002,-0.4446527777777778,289.800048828125,192.70001220703125,243.96455581670702,188.161742102782,3,True,0.7871885712889325
28,436.344717502594,121.0,-11.0,2.8217578125000005,-0.25743055555555555,288.5,190.5999755859375,243.96455581670702,188.161742102782,3,True,0.7871885712889325
28,436.35148215293884,125.0,4.0,2.9150390625000004,0.09361111111111112,289.9000244140625,191.70001220703125,243.96455581670702,188.161742102782,3,True,0.7871885712889325
28,436.35848021507263,128.0,18.0,2.9850000000000003,0.42125,291.199951171875,191.0,243.96455581670702,188.161742102782,3,True,0.7871885712889325
28,436.3655033111572,130.0,25.0,3.0316406250000005,0.5850694444444445,292.300048828125,191.70001220703125,243.96455581670702,188.161742102782,3,True,0.7871885712889325
28,436.37247610092163,134.0,39.0,3.1249218750000005,0.9127083333333333,295.199951171875,194.9000244140625,243.96455581670702,188.161742102782,3,True,0.7871885712889325
28,436.37946701049805,136.0,46.0,3.1715625000000003,1.0765277777777778,295.800048828125,193.9000244140625,243.96455581670702,188.161742102782,3,True,0.7871885712889325
28,436.38649892807007,139.0,52.0,3.2415234375,1.2169444444444446,295.800048828125,195.5999755859375,243.96455581670702,188.161742102782,3,True,0.7871885712889325
28,436.39336466789246,144.0,65.0,3.3581250000000002,1.5211805555555558,298.5,191.0999755859375,243.96455581670702,188.161742102782,3,True,0.7871885712889325
28,436.4004604816437,146.0,70.0,3.4047656250000005,1.6381944444444445,298.0,192.0999755859375,243.96455581670702,188.161742102782,3,True,0.7871885712889325
28,436.4075036048889,149.0,76.0,3.4747265625000003,1.7786111111111111,295.0,193.29998779296875,243.96455581670702,188.161742102782,3,True,0.7871885712889325
28,436.4143409729004,153.0,86.0,3.5680078125000003,2.012638888888889,294.0999755859375,188.29998779296875,243.96455581670702,188.161742102782,3,True,0.7871885712889325
28,436.42055463790894,156.0,90.0,3.63796875,2.10625,296.9000244140625,189.20001220703125,243.96455581670702,188.161742102782,3,True,0.7871885712889325
28,436.427521944046,157.0,94.0,3.6612890625000003,2.1998611111111113,295.199951171875,188.70001220703125,243.96455581670702,188.161742102782,3,True,0.7871885712889325
28,436.4345293045044,161.0,101.0,3.7545703125000003,2.363680555555556,291.0999755859375,186.79998779296875,243.96455581670702,188.161742102782,3,True,0.7871885712889325
28,436.44150137901306,163.0,104.0,3.8012109375000005,2.433888888888889,302.0999755859375,190.0,243.96455581670702,188.161742102782,3,True,0.7871885712889325
28,436.44846630096436,166.0,110.0,3.8711718750000004,2.5743055555555556,296.5,189.4000244140625,243.96455581670702,188.161742102782,3,True,0.7871885712889325
28,436.455504655838,167.0,113.0,3.8944921875000005,2.644513888888889,295.9000244140625,187.9000244140625,243.96455581670702,188.161742102782,3,True,0.7871885712889325
28,436.46248173713684,170.0,118.0,3.9644531250000004,2.761527777777778,298.9000244140625,190.9000244140625,243.96455581670702,188.161742102782,3,True,0.7871885712889325
28,436.4695146083832,171.0,120.0,3.9877734375000005,2.8083333333333336,294.0,188.9000244140625,243.96455581670702,188.161742102782,3,True,0.7871885712889325
28,436.47651743888855,173.0,122.0,4.034414062500001,2.855138888888889,293.699951171875,187.29998779296875,243.96455581670702,188.161742102782,3,True,0.7871885712889325
28,436.4834830760956,175.0,126.0,4.0810546875,2.94875,296.800048828125,186.5999755859375,243.96455581670702,188.161742102782,3,True,0.7871885712889325
28,436.4905307292938,177.0,127.0,4.1276953125,2.972152777777778,299.300048828125,189.70001220703125,243.96455581670702,188.161742102782,3,True,0.7871885712889325
28,436.4974036216736,178.0,129.0,4.151015625,3.0189583333333334,299.0999755859375,187.9000244140625,243.96455581670702,188.161742102782,3,True,0.7871885712889325
28,436.50439381599426,181.0,132.0,4.220976562500001,3.089166666666667,297.5999755859375,190.9000244140625,243.96455581670702,188.161742102782,3,True,0.7871885712889325
28,436.5115375518799,183.0,133.0,4.267617187500001,3.1125694444444445,302.0,192.9000244140625,243.96455581670702,188.161742102782,3,True,0.7871885712889325
28,436.51853370666504,185.0,134.0,4.3142578125,3.1359722222222226,299.9000244140625,192.79998779296875,243.96455581670702,188.161742102782,3,True,0.7871885712889325
28,436.5255346298218,188.0,136.0,4.3842187500000005,3.182777777777778,300.4000244140625,193.79998779296875,243.96455581670702,188.161742102782,3,True,0.7871885712889325
28,436.5324785709381,191.0,138.0,4.454179687500001,3.2295833333333337,293.4000244140625,188.5,243.96455581670702,188.161742102782,3,True,0.7871885712889325
28,436.53853583335876,193.0,139.0,4.5008203125,3.2529861111111114,296.800048828125,190.29998779296875,243.96455581670702,188.161742102782,3,True,0.7871885712889325
28,436.54554176330566,194.0,140.0,4.524140625,3.276388888888889,299.300048828125,188.79998779296875,243.96455581670702,188.161742102782,3,True,0.7871885712889325
28,436.55249071121216,198.0,141.0,4.617421875000001,3.2997916666666667,295.5,187.79998779296875,243.96455581670702,188.161742102782,3,True,0.7871885712889325
28,436.55952739715576,199.0,142.0,4.640742187500001,3.323194444444445,294.800048828125,189.20001220703125,243.96455581670702,188.161742102782,3,True,0.7871885712889325
28,436.5669815540314,201.0,143.0,4.6873828125,3.3465972222222224,293.699951171875,190.9000244140625,243.96455581670702,188.161742102782,3,True,0.7871885712889325
28,436.5734956264496,204.0,145.0,4.75734375,3.393402777777778,298.0,192.70001220703125,243.96455581670702,188.161742102782,3,True,0.7871885712889325
28,436.5805516242981,205.0,146.0,4.7806640625000005,3.416805555555556,299.0999755859375,195.79998779296875,243.96455581670702,188.161742102782,3,True,0.7871885712889325
28,436.58775091171265,206.0,147.0,4.803984375000001,3.4402083333333335,297.5999755859375,190.79998779296875,243.96455581670702,188.161742102782,3,True,0.7871885712889325
28,436.59454560279846,210.0,149.0,4.897265625,3.4870138888888893,292.9000244140625,188.0999755859375,243.96455581670702,188.161742102782,3,True,0.7871885712889325
28,436.60153222084045,211.0,150.0,4.9205859375,3.510416666666667,296.4000244140625,192.29998779296875,243.96455581670702,188.161742102782,3,True,0.7871885712889325
28,436.6085584163666,214.0,152.0,4.990546875000001,3.5572222222222223,296.699951171875,195.20001220703125,243.96455581670702,188.161742102782,3,True,0.7871885712889325
28,436.61554503440857,215.0,153.0,5.013867187500001,3.5806250000000004,292.0,191.0,243.96455581670702,188.161742102782,3,True,0.7871885712889325
28,436.6225345134735,218.0,155.0,5.083828125,3.6274305555555557,292.5,193.0999755859375,243.96455581670702,188.161742102782,3,True,0.7871885712889325
28,436.6295471191406,220.0,157.0,5.13046875,3.6742361111111115,291.800048828125,190.5,243.96455581670702,188.161742102782,3,True,0.7871885712889325
28,436.6365349292755,223.0,159.0,5.200429687500001,3.721041666666667,297.4000244140625,193.5999755859375,243.96455581670702,188.161742102782,3,True,0.7871885712889325
28,436.64354062080383,224.0,160.0,5.223750000000001,3.7444444444444445,297.800048828125,197.29998779296875,243.96455581670702,188.161742102782,3,True,0.7871885712889325
28,436.6505424976349,225.0,161.0,5.247070312500001,3.7678472222222226,291.300048828125,191.5999755859375,243.96455581670702,188.161742102782,3,True,0.7871885712889325
28,436.6573660373688,228.0,164.0,5.31703125,3.838055555555556,290.800048828125,195.0,243.96455581670702,188.161742102782,4,True,0.7871885712889325
28,436.6635191440582,229.0,165.0,5.3403515625,3.8614583333333337,294.4000244140625,198.0999755859375,243.96455581670702,188.161742102782,4,True,0.7871885712889325
28,436.6705439090729,231.0,166.0,5.386992187500001,3.8848611111111113,295.5,198.0999755859375,243.96455581670702,188.161742102782,4,True,0.7871885712889325
28,436.6780731678009,232.0,167.0,5.410312500000001,3.908263888888889,293.0,196.0,243.96455581670702,188.161742102782,4,True,0.7871885712889325
28,436.6845495700836,234.0,169.0,5.456953125000001,3.9550694444444447,294.5,201.20001220703125,243.96455581670702,188.161742102782,4,True,0.7871885712889325
28,436.691517829895,234.0,170.0,5.456953125000001,3.9784722222222224,289.300048828125,200.20001220703125,243.96455581670702,188.161742102782,4,True,0.7871885712889325
28,436.6985602378845,235.0,172.0,5.4802734375,4.025277777777778,287.699951171875,197.0,243.96455581670702,188.161742102782,4,True,0.7871885712889325
28,436.7055079936981,236.0,173.0,5.50359375,4.048680555555555,288.699951171875,195.5999755859375,243.96455581670702,188.161742102782,4,True,0.7871885712889325
28,436.71255111694336,237.0,174.0,5.5269140625,4.0720833333333335,287.800048828125,197.29998779296875,243.96455581670702,188.161742102782,4,True,0.7871885712889325
28,436.7195498943329,237.0,175.0,5.5269140625,4.095486111111112,288.300048828125,198.20001220703125,243.96455581670702,188.161742102782,4,True,0.7871885712889325
28,436.72651267051697,238.0,177.0,5.5502343750000005,4.142291666666667,289.9000244140625,198.0,243.96455581670702,188.161742102782,4,True,0.7871885712889325
28,436.73355078697205,238.0,178.0,5.5502343750000005,4.165694444444445,289.4000244140625,198.29998779296875,243.96455581670702,188.161742102782,4,True,0.7871885712889325
28,436.74057126045227,239.0,179.0,5.573554687500001,4.189097222222222,285.5999755859375,197.5,243.96455581670702,188.161742102782,4,True,0.7871885712889325
28,436.7474808692932,239.0,181.0,5.573554687500001,4.2359027777777785,293.699951171875,202.70001220703125,243.96455581670702,188.161742102782,4,True,0.7871885712889325
28,436.7546122074127,240.0,182.0,5.596875000000001,4.259305555555556,290.300048828125,198.79998779296875,243.96455581670702,188.161742102782,4,True,0.7871885712889325
28,436.7615702152252,240.0,182.0,5.596875000000001,4.259305555555556,288.9000244140625,202.4000244140625,243.96455581670702,188.161742102782,4,True,0.7871885712889325
28,436.76856112480164,241.0,184.0,5.620195312500001,4.306111111111111,288.699951171875,201.20001220703125,243.96455581670702,188.161742102782,4,True,0.7871885712889325
28,436.7755696773529,241.0,185.0,5.620195312500001,4.329513888888889,287.300048828125,194.79998779296875,243.96455581670702,188.161742102782,4,True,0.7871885712889325
28,436.78157782554626,242.0,186.0,5.643515625000001,4.352916666666667,288.4000244140625,199.29998779296875,243.96455581670702,188.161742102782,4,True,0.7871885712889325
28,436.7885775566101,242.0,187.0,5.643515625000001,4.376319444444444,288.0,208.70001220703125,243.96455581670702,188.161742102782,4,True,0.7871885712889325
28,436.7955324649811,242.0,187.0,5.643515625000001,4.376319444444444,294.199951171875,218.60000610351562,243.96455581670702,188.161742102782,4,True,0.7871885712889325
28,436.8025691509247,242.0,188.0,5.643515625000001,4.3997222222222225,292.199951171875,221.60000610351562,243.96455581670702,188.161742102782,4,True,0.7871885712889325
28,436.8095712661743,242.0,188.0,5.643515625000001,4.3997222222222225,291.199951171875,220.10000610351562,243.96455581670702,188.161742102782,4,True,0.7871885712889325
28,436.81653928756714,242.0,188.0,5.643515625000001,4.3997222222222225,288.0,214.0,243.96455581670702,188.161742102782,4,True,0.7871885712889325
28,436.82357597351074,242.0,188.0,5.643515625000001,4.3997222222222225,290.800048828125,216.0,243.96455581670702,188.161742102782,4,True,0.7871885712889325
28,436.8308038711548,242.0,188.0,5.643515625000001,4.3997222222222225,293.699951171875,219.79998779296875,243.96455581670702,188.161742102782,4,True,0.7871885712889325
28,436.83753967285156,242.0,188.0,5.643515625000001,4.3997222222222225,290.9000244140625,220.0,243.96455581670702,188.161742102782,4,True,0.7871885712889325
28,436.8445715904236,242.0,188.0,5.643515625000001,4.3997222222222225,289.4000244140625,219.89999389648438,243.96455581670702,188.161742102782,4,True,0.7871885712889325
28,436.8515977859497,242.0,188.0,5.643515625000001,4.3997222222222225,287.0999755859375,220.5,243.96455581670702,188.161742102782,4,True,0.7871885712889325
28,436.85856199264526,242.0,188.0,5.643515625000001,4.3997222222222225,288.4000244140625,220.0,243.96455581670702,188.161742102782,4,True,0.7871885712889325
28,436.86558961868286,242.0,188.0,5.643515625000001,4.3997222222222225,288.5,218.5,243.96455581670702,188.161742102782,4,True,0.7871885712889325
28,436.8725776672363,242.0,188.0,5.643515625000001,4.3997222222222225,289.4000244140625,218.0,243.96455581670702,188.161742102782,4,True,0.7871885712889325
28,436.87956285476685,242.0,188.0,5.643515625000001,4.3997222222222225,289.9000244140625,219.89999389648438,243.96455581670702,188.161742102782,4,True,0.7871885712889325
28,436.8865716457367,242.0,188.0,5.643515625000001,4.3997222222222225,292.199951171875,219.0,243.96455581670702,188.161742102782,4,True,0.7871885712889325
28,436.89356756210327,242.0,188.0,5.643515625000001,4.3997222222222225,292.300048828125,221.39999389648438,243.96455581670702,188.161742102782,4,True,0.7871885712889325
28,436.90042519569397,242.0,188.0,5.643515625000001,4.3997222222222225,290.4000244140625,221.60000610351562,243.96455581670702,188.161742102782,4,True,0.7871885712889325
28,436.90652656555176,242.0,188.0,5.643515625000001,4.3997222222222225,290.0999755859375,222.89999389648438,243.96455581670702,188.161742102782,4,True,0.7871885712889325
28,436.9135687351227,242.0,188.0,5.643515625000001,4.3997222222222225,290.0999755859375,222.60000610351562,243.96455581670702,188.161742102782,4,True,0.7871885712889325
28,436.92111563682556,242.0,188.0,5.643515625000001,4.3997222222222225,291.300048828125,225.29998779296875,243.96455581670702,188.161742102782,4,True,0.7871885712889325
28,436.9275965690613,242.0,188.0,5.643515625000001,4.3997222222222225,289.0999755859375,224.70001220703125,243.96455581670702,188.161742102782,4,True,0.7871885712889325
28,436.93491768836975,242.0,188.0,5.643515625000001,4.3997222222222225,291.800048828125,227.79998779296875,243.96455581670702,188.161742102782,4,True,0.7871885712889325
28,436.9416105747223,242.0,188.0,5.643515625000001,4.3997222222222225,291.4000244140625,220.29998779296875,243.96455581670702,188.161742102782,4,True,0.7871885712889325
28,436.94856429100037,242.0,188.0,5.643515625000001,4.3997222222222225,293.800048828125,229.10000610351562,243.96455581670702,188.161742102782,4,True,0.7871885712889325
28,436.95556807518005,242.0,188.0,5.643515625000001,4.3997222222222225,293.0999755859375,226.10000610351562,243.96455581670702,188.161742102782,4,True,0.7871885712889325
28,436.96265029907227,242.0,188.0,5.643515625000001,4.3997222222222225,289.5,222.29998779296875,243.96455581670702,188.161742102782,4,True,0.7871885712889325
28,436.96953988075256,242.0,188.0,5.643515625000001,4.3997222222222225,286.199951171875,224.0,243.96455581670702,188.161742102782,4,True,0.7871885712889325
28,436.97658014297485,242.0,188.0,5.643515625000001,4.3997222222222225,288.300048828125,222.39999389648438,243.96455581670702,188.161742102782,4,True,0.7871885712889325
28,436.98357820510864,242.0,188.0,5.643515625000001,4.3997222222222225,286.699951171875,224.70001220703125,243.96455581670702,188.161742102782,4,True,0.7871885712889325
28,436.9904525279999,242.0,188.0,5.643515625000001,4.3997222222222225,289.800048828125,227.39999389648438,243.96455581670702,188.161742102782,4,True,0.7871885712889325
28,436.9974284172058,242.0,188.0,5.643515625000001,4.3997222222222225,287.800048828125,224.70001220703125,243.96455581670702,188.161742102782,4,True,0.7871885712889325
28,437.0045711994171,242.0,188.0,5.643515625000001,4.3997222222222225,286.300048828125,225.29998779296875,243.96455581670702,188.161742102782,4,True,0.7871885712889325
28,437.0114538669586,242.0,188.0,5.643515625000001,4.3997222222222225,291.300048828125,226.5,243.96455581670702,188.161742102782,4,True,0.7871885712889325
28,437.0176725387573,242.0,188.0,5.643515625000001,4.3997222222222225,288.9000244140625,230.10000610351562,243.96455581670702,188.161742102782,4,True,0.7871885712889325
28,437.0245473384857,242.0,188.0,5.643515625000001,4.3997222222222225,289.5,224.60000610351562,243.96455581670702,188.161742102782,4,True,0.7871885712889325
28,437.0315878391266,242.0,188.0,5.643515625000001,4.3997222222222225,287.9000244140625,224.39999389648438,243.96455581670702,188.161742102782,4,True,0.7871885712889325
28,437.0385539531708,242.0,188.0,5.643515625000001,4.3997222222222225,287.300048828125,224.29998779296875,243.96455581670702,188.161742102782,4,True,0.7871885712889325
28,437.04553174972534,242.0,188.0,5.643515625000001,4.3997222222222225,291.0999755859375,232.20001220703125,243.96455581670702,188.161742102782,4,True,0.7871885712889325
28,437.0525450706482,242.0,188.0,5.643515625000001,4.3997222222222225,288.4000244140625,227.20001220703125,243.96455581670702,188.161742102782,4,True,0.7871885712889325
28,437.0595061779022,242.0,188.0,5.643515625000001,4.3997222222222225,291.4000244140625,231.60000610351562,243.96455581670702,188.161742102782,4,True,0.7871885712889325
28,437.0665397644043,242.0,188.0,5.643515625000001,4.3997222222222225,286.300048828125,229.60000610351562,243.96455581670702,188.161742102782,4,True,0.7871885712889325
28,437.0738208293915,242.0,188.0,5.643515625000001,4.3997222222222225,289.0999755859375,224.79998779296875,243.96455581670702,188.161742102782,4,True,0.7871885712889325
28,437.0805013179779,242.0,188.0,5.643515625000001,4.3997222222222225,286.0999755859375,222.89999389648438,243.96455581670702,188.161742102782,4,True,0.7871885712889325
28,437.087655544281,242.0,188.0,5.643515625000001,4.3997222222222225,287.300048828125,225.39999389648438,243.96455581670702,188.161742102782,4,True,0.7871885712889325
28,437.0950462818146,242.0,188.0,5.643515625000001,4.3997222222222225,289.800048828125,225.39999389648438,243.96455581670702,188.161742102782,4,True,0.7871885712889325
28,437.10155034065247,242.0,188.0,5.643515625000001,4.3997222222222225,285.300048828125,223.39999389648438,243.96455581670702,188.161742102782,4,True,0.7871885712889325
28,437.1085638999939,242.0,188.0,5.643515625000001,4.3997222222222225,285.800048828125,227.60000610351562,243.96455581670702,188.161742102782,4,True,0.7871885712889325
